CLUES,municipio,CLAVE DE LA INSTITUCION,NOMBRE DE LA UNIDAD,LATITUD,LONGITUD
CSCRO000032,89,CRO,CRUZ ROJA MEXICANA| DELEGACIÓN LOCAL EN TAPACHULA,14.904837,-92.258139
CSIMO000013,1,IMSS-BIENESTAR,ACACOYAGUA,15.3419,-92.6761
CSIMO000025,1,IMSS-BIENESTAR,LOS CACAOS,15.3892,-92.6566
CSIMO000030,1,IMSS-BIENESTAR,LAS GOLONDRINAS,15.4339,-92.6515
CSIMO000042,1,IMSS-BIENESTAR,HIDALGO (ACACOYAGUA),15.3476,-92.7424
CSIMO000054,1,IMSS-BIENESTAR,NUEVA LIBERTAD (ACACOYAGUA),15.4062,-92.706
CSIMO000066,2,IMSS-BIENESTAR,ADOLFO LÓPEZ MATEOS (ACALA),16.6109,-92.8936
CSIMO000071,2,IMSS-BIENESTAR,UNIÓN BUENAVISTA (ACALA),16.4854,-92.8172
CSIMO000083,122,IMSS-BIENESTAR,20 DE NOVIEMBRE (ACALA),16.5409,-92.8958
CSIMO000095,122,IMSS-BIENESTAR,NUEVO VICENTE GUERRERO (EL CHICHONAL),16.4856,-92.8707
CSIMO000100,3,IMSS-BIENESTAR,COLOMBIA,15.2344,-92.6564
CSIMO000112,3,IMSS-BIENESTAR,CONSUELO ULAPA,15.3845,-92.7935
CSIMO000124,3,IMSS-BIENESTAR,LUIS ESPINOZA (ACAPETAHUA),15.1899,-92.6912
CSIMO000136,3,IMSS-BIENESTAR,MARIANO MATAMOROS,15.2547,-92.7419
CSIMO000141,3,IMSS-BIENESTAR,LA PALMA (ACAPETAHUA),15.1721,-92.8372
CSIMO000153,3,IMSS-BIENESTAR,SOCONUSCO,15.3162,-92.7262
CSIMO000165,3,IMSS-BIENESTAR,VEINTE DE ABRIL,15.2766,-92.7927
CSIMO000170,4,IMSS-BIENESTAR,ALTAMIRANO,16.720231,-92.0431279
CSIMO000182,4,IMSS-BIENESTAR,LUIS ESPINOZA (ALTAMIRANO),16.5873,-91.6228
CSIMO000194,4,IMSS-BIENESTAR,PUEBLA VIEJO,16.6494,-91.9495
CSIMO000206,4,IMSS-BIENESTAR,PUERTO RICO (ALTAMIRANO),16.6067,-91.8771
CSIMO000211,4,IMSS-BIENESTAR,VENUSTIANO CARRANZA (ALTAMIRANO),16.6688,-91.8168
CSIMO000223,5,IMSS-BIENESTAR,AMATÁN (AMATÁN),17.3736,-92.8186
CSIMO000235,5,IMSS-BIENESTAR,SAN ANTONIO TRES PICOS (TRES PICOS MONTAÑA),17.3239,-92.8611
CSIMO000240,6,IMSS-BIENESTAR,AMATENANGO DE LA FRONTERA,15.4343,-92.1151
CSIMO000252,6,IMSS-BIENESTAR,GUADALUPE VICTORIA (AMATENANGO DE LA FRONTERA),15.6053,-92.0632
CSIMO000264,6,IMSS-BIENESTAR,MONTE ORDÓÑEZ,15.5616,-92.1715
CSIMO000276,6,IMSS-BIENESTAR,NUEVO AMATENANGO,15.5067,-92.1086
CSIMO000281,6,IMSS-BIENESTAR,PACAYALITO,15.5951,-92.0932
CSIMO000293,7,IMSS-BIENESTAR,AMATENANGO DEL VALLE,16.5235,-92.4379
CSIMO000305,7,IMSS-BIENESTAR,CRUZ QUEMADA,16.5019,-92.3339
CSIMO000310,8,IMSS-BIENESTAR,NUEVA COLOMBIA,15.6971,-92.7204
CSIMO000322,9,IMSS-BIENESTAR,EMILIANO ZAPATA (ARRIAGA),,
CSIMO000334,9,IMSS-BIENESTAR,PUNTA FLOR,16.1025,-93.978
CSIMO000346,10,IMSS-BIENESTAR,BEJUCAL DE OCAMPO,15.4554,-92.1584
CSIMO000351,10,IMSS-BIENESTAR,LAS TABLAS,15.4619,-92.1983
CSIMO000363,11,IMSS-BIENESTAR,EMILIANO ZAPATA (BELLA VISTA),15.6689,-92.2385
CSIMO000375,11,IMSS-BIENESTAR,LA HACIENDA,15.6495,-92.2808
CSIMO000380,11,IMSS-BIENESTAR,EL PROGRESO (BELLA VISTA),15.5862,-92.2164
CSIMO000392,11,IMSS-BIENESTAR,LA RINCONADA,15.5934,-92.268
CSIMO000404,11,IMSS-BIENESTAR,LA INDEPENDENCIA (BELLA VISTA),15.5675,-92.2802
CSIMO000416,12,IMSS-BIENESTAR,BERRIOZÁBAL (BERRIOZÁBAL),16.7994,-93.2674
CSIMO000421,12,IMSS-BIENESTAR,LAS MARAVILLAS (BERRIOZÁBAL),16.9589,-93.3198
CSIMO000433,13,IMSS-BIENESTAR,BOCHIL,16.992442,-92.895304
CSIMO000445,13,IMSS-BIENESTAR,GARRIDO CANAVAL (CHAVARRÍA),17.0734,-93.0269
CSIMO000450,13,IMSS-BIENESTAR,LUIS ESPINOZA (BOCHIL),17.0308,-93.0274
CSIMO000462,13,IMSS-BIENESTAR,EL COPAL (BOCHIL),16.9661,-92.9281
CSIMO000474,14,IMSS-BIENESTAR,ÁLVARO OBREGÓN,17.0281,-92.8084
CSIMO000486,14,IMSS-BIENESTAR,PLÁTANOS,17.0048,-92.7434
CSIMO000491,14,IMSS-BIENESTAR,SAN CAYETANO (EL BOSQUE),16.9603,-92.7584
CSIMO000503,14,IMSS-BIENESTAR,SAN PEDRO NICHTALUCUM,17.0344,-92.7269
CSIMO000515,15,IMSS-BIENESTAR,AGUA CALIENTE (CACAHOATÁN),15.1636,-92.155
CSIMO000520,15,IMSS-BIENESTAR,EL ÁGUILA,15.0928,-92.1833
CSIMO000532,15,IMSS-BIENESTAR,AGUSTÍN DE ITURBIDE,15.0744,-92.1988
CSIMO000544,15,IMSS-BIENESTAR,AHUACATLÁN (CACAHOATÁN),15.0391,-92.1802
CSIMO000556,15,IMSS-BIENESTAR,FAJA DE ORO,15.0312,-92.1563
CSIMO000561,15,IMSS-BIENESTAR,EL PLATANAR,15.0826,-92.1628
CSIMO000573,15,IMSS-BIENESTAR,SALVADOR URBINA (CACAHOATÁN),15.0347,-92.2083
CSIMO000585,15,IMSS-BIENESTAR,TOQUIÁN LAS NUBES (TOQUIÁN GUARUMO),15.0513,-92.19
CSIMO000590,15,IMSS-BIENESTAR,UNIÓN ROJA,15.0451,-92.2168
CSIMO000602,16,IMSS-BIENESTAR,CATAZAJÁ,17.7249,-92.0136
CSIMO000614,16,IMSS-BIENESTAR,CUYO (ÁLVARO OBREGÓN),17.8494,-92.0002
CSIMO000626,16,IMSS-BIENESTAR,LOMA BONITA (CATAZAJÁ),17.7864,-92.077
CSIMO000631,16,IMSS-BIENESTAR,IGNACIO ZARAGOZA (CATAZAJÁ),17.7861,-91.9919
CSIMO000643,17,IMSS-BIENESTAR,ABELARDO L. RODRÍGUEZ,16.669,-93.8003
CSIMO000655,17,IMSS-BIENESTAR,ROSENDO SALAZAR,16.4712,-94.003
CSIMO000660,17,IMSS-BIENESTAR,CONSTITUCIÓN (EL CHAYOTAL),16.9444,-93.9374
CSIMO000672,17,IMSS-BIENESTAR,LÁZARO CÁRDENAS (CINTALAPA),16.6045,-93.7934
CSIMO000684,17,IMSS-BIENESTAR,TEHUACAN,16.5928,-93.9616
CSIMO000696,17,IMSS-BIENESTAR,TRIUNFO DE MADERO,16.7722,-93.7682
CSIMO000701,17,IMSS-BIENESTAR,VILLAMORELOS,16.4786,-93.9268
CSIMO000713,17,IMSS-BIENESTAR,RAFAEL CAL Y MAYOR,,
CSIMO000725,17,IMSS-BIENESTAR,VENUSTIANO CARRANZA (CINTALAPA),16.8528,-93.6727
CSIMO000730,18,IMSS-BIENESTAR,COAPILLA,17.1323,-93.1602
CSIMO000742,19,IMSS-BIENESTAR,EFRAÍN A. GUTIÉRREZ (COMITÁN DE DOMÍNGUEZ),16.3431,-92.199
CSIMO000754,19,IMSS-BIENESTAR,LA FLORESTA,16.5078,-92.3113
CSIMO000766,19,IMSS-BIENESTAR,FRANCISCO SARABIA (COMITÁN DE DOMÍNGUEZ),16.1568,-92.1047
CSIMO000771,19,IMSS-BIENESTAR,LOS RIEGOS,16.3048,-92.1241
CSIMO000783,19,IMSS-BIENESTAR,YOCNAJAB EL ROSARIO,16.2356,-92.0725
CSIMO000795,19,IMSS-BIENESTAR,SEÑOR DEL POZO,16.2974,-92.1127
CSIMO000800,19,IMSS-BIENESTAR,ZARAGOZA LA MONTAÑA,16.4153,-92.2054
CSIMO000812,19,IMSS-BIENESTAR,YALTZI TRES LAGUNAS,16.2975,-92.2586
CSIMO000824,19,IMSS-BIENESTAR,VILLAHERMOSA YALUMÁ,16.3364,-92.0722
CSIMO000836,20,IMSS-BIENESTAR,RIZO DE ORO,15.9687,-92.4818
CSIMO000841,20,IMSS-BIENESTAR,LA TIGRILLA,15.989,-92.8529
CSIMO000853,20,IMSS-BIENESTAR,IGNACIO ZARAGOZA (LA CONCORDIA),16.0275,-92.5868
CSIMO000865,21,IMSS-BIENESTAR,ÁNGEL ALBINO CORZO (GUADALUPE),17.126,-93.2742
CSIMO000870,21,IMSS-BIENESTAR,IGNACIO ZARAGOZA (COPAINALÁ),17.0575,-93.3499
CSIMO000882,21,IMSS-BIENESTAR,LA NUEVA,17.0494,-93.1661
CSIMO000894,22,IMSS-BIENESTAR,CHALCHIHUITÁN,16.9643,-92.6173
CSIMO000906,22,IMSS-BIENESTAR,CANTEAL,17.0023,-92.5908
CSIMO000911,22,IMSS-BIENESTAR,JOLITONTIC,17.0484,-92.6386
CSIMO000923,22,IMSS-BIENESTAR,JOLTEALAL,17.0755,-92.6215
CSIMO000935,23,IMSS-BIENESTAR,CHAMULA,16.7878,-92.6882
CSIMO000940,23,IMSS-BIENESTAR,BAUTISTA CHICO,16.8001,-92.7145
CSIMO000952,23,IMSS-BIENESTAR,CHICUMTANTIC,16.8656,-92.6053
CSIMO000964,23,IMSS-BIENESTAR,EPALCHÉN,16.8914,-92.6964
CSIMO000976,23,IMSS-BIENESTAR,MILPOLETA,16.7725,-92.6608
CSIMO000981,23,IMSS-BIENESTAR,LAS OLLAS,16.78,-92.5524
CSIMO000993,23,IMSS-BIENESTAR,EL POZO (CHAMULA),16.8518,-92.572
CSIMO001005,23,IMSS-BIENESTAR,SACTZU,16.7961,-92.6086
CSIMO001010,23,IMSS-BIENESTAR,YAALHICHÍN,16.8411,-92.675
CSIMO001022,23,IMSS-BIENESTAR,YALTEM,16.8439,-92.79
CSIMO001034,23,IMSS-BIENESTAR,YALVANTÉ,16.8065,-92.7798
CSIMO001046,23,IMSS-BIENESTAR,YITIC,16.8544,-92.6274
CSIMO001051,23,IMSS-BIENESTAR,SHUCUTÓN,16.8323,-92.6511
CSIMO001063,24,IMSS-BIENESTAR,SAXCHILBALTÉ,16.6863,-92.0878
CSIMO001075,24,IMSS-BIENESTAR,FRONTERA MEXIQUITO,16.5388,-92.1656
CSIMO001080,25,IMSS-BIENESTAR,CHAPULTENANGO,17.3397,-93.1295
CSIMO001092,26,IMSS-BIENESTAR,SANTA MARTHA (CHENALHÓ),16.9306,-92.6791
CSIMO001104,26,IMSS-BIENESTAR,MIGUEL UTRILLA (LOS CHORROS),16.9428,-92.4797
CSIMO001116,26,IMSS-BIENESTAR,PECHIQUIL,16.9989,-92.5483
CSIMO001121,26,IMSS-BIENESTAR,SHUNUCH,16.9069,-92.5839
CSIMO001133,26,IMSS-BIENESTAR,TAKIUKUM,16.925,-92.5375
CSIMO001145,27,IMSS-BIENESTAR,GALECIO NARCÍA,16.5858,-93.0199
CSIMO001150,27,IMSS-BIENESTAR,JULIÁN GRAJALES (CHIAPA DE CORZO),16.4864,-92.9699
CSIMO001162,27,IMSS-BIENESTAR,NICOLÁS BRAVO (CHIAPA DE CORZO),16.5104,-92.9919
CSIMO001174,27,IMSS-BIENESTAR,EL PALMAR (SAN GABRIEL),16.8455,-93.0163
CSIMO001186,27,IMSS-BIENESTAR,NUEVO CARMEN TONAPAC,16.6971,-92.9579
CSIMO001191,27,IMSS-BIENESTAR,SALVADOR URBINA (CHIAPA DE CORZO),16.6333,-93.0023
CSIMO001203,28,IMSS-BIENESTAR,CHIAPILLA,16.5706,-92.7228
CSIMO001215,29,IMSS-BIENESTAR,CHICOASÉN,16.9688,-93.1069
CSIMO001220,30,IMSS-BIENESTAR,CHICOMUSELO,15.7399,-92.2848
CSIMO001232,30,IMSS-BIENESTAR,NUEVA AMÉRICA,15.9229,-92.3065
CSIMO001244,30,IMSS-BIENESTAR,PABLO L. SIDAR,15.8317,-92.2794
CSIMO001256,30,IMSS-BIENESTAR,UNIÓN BUENAVISTA (CHICOMUSELO),15.7946,-92.5433
CSIMO001261,30,IMSS-BIENESTAR,BENITO JUÁREZ (CHICOMUSELO),15.8959,-92.3758
CSIMO001273,31,IMSS-BIENESTAR,CHICH 2A. SECCIÓN,17.1664,-92.1653
CSIMO001285,31,IMSS-BIENESTAR,GUAQUITEPEC,16.9797,-92.2879
CSIMO001290,31,IMSS-BIENESTAR,GUADALUPE PAXILÁ,17.1183,-92.0318
CSIMO001302,31,IMSS-BIENESTAR,TACUBA NUEVA,17.0908,-92.371
CSIMO001314,31,IMSS-BIENESTAR,XOTXOTJÁ LAS CANCHAS,17.0051,-92.116
CSIMO001331,31,IMSS-BIENESTAR,ALÁN-SAC JÚN,17.1926,-92.0541
CSIMO001343,31,IMSS-BIENESTAR,PIQUINTEEL,17.2331,-92.0694
CSIMO001355,31,IMSS-BIENESTAR,JET-JA,17.0682,-91.9277
CSIMO001360,31,IMSS-BIENESTAR,CACUALÁ ZOTETIC,17.0702,-92.0969
CSIMO001372,31,IMSS-BIENESTAR,SAN JOSÉ PATHUITZ,17.1856,-91.6616
CSIMO001384,31,IMSS-BIENESTAR,SANTIAGO POJCOL,16.996,-91.9836
CSIMO001396,32,IMSS-BIENESTAR,CINTALAPA (ESCUINTLA),15.3399,-92.613
CSIMO001401,32,IMSS-BIENESTAR,HOJA BLANCA,15.3569,-92.4581
CSIMO001413,32,IMSS-BIENESTAR,JALAPA,15.375,-92.5289
CSIMO001425,32,IMSS-BIENESTAR,NUEVA FRANCIA,15.3706,-92.5889
CSIMO001430,32,IMSS-BIENESTAR,SAN ANTONIO MIRAMAR,15.3819,-92.4572
CSIMO001442,32,IMSS-BIENESTAR,SAN JUAN PANAMÁ,15.4119,-92.5031
CSIMO001454,32,IMSS-BIENESTAR,VEGA DE JUÁREZ,15.3839,-92.4889
CSIMO001466,34,IMSS-BIENESTAR,GUADALUPE GRIJALVA,15.6981,-92.1629
CSIMO001471,34,IMSS-BIENESTAR,JOAQUÍN MIGUEL GUTIÉRREZ (QUESPALA),15.8153,-91.9474
CSIMO001483,34,IMSS-BIENESTAR,NUEVA LIBERTAD (FRONTERA COMALAPA),15.7541,-92.2021
CSIMO001495,34,IMSS-BIENESTAR,NUEVO MAZAPA,15.7761,-92.1401
CSIMO001500,34,IMSS-BIENESTAR,PASO HONDO,15.682,-92.0173
CSIMO001512,34,IMSS-BIENESTAR,DR. RODULFO FIGUEROA (TIERRA BLANCA),15.8506,-92.0621
CSIMO001524,34,IMSS-BIENESTAR,SAN CARALAMPIO (FRONTERA COMALAPA),15.8283,-92.034
CSIMO001536,34,IMSS-BIENESTAR,SINALOA,15.8912,-92.1288
CSIMO001541,34,IMSS-BIENESTAR,SABINALITO,15.7017,-91.9853
CSIMO001553,35,IMSS-BIENESTAR,EJIDO FRANCISCO I. MADERO,14.7243,-92.2013
CSIMO001565,35,IMSS-BIENESTAR,IGNACIO ZARAGOZA (FRONTERA HIDALGO),14.739,-92.1704
CSIMO001570,36,IMSS-BIENESTAR,LA GRANDEZA (LA GRANDEZA),15.5092,-92.2262
CSIMO001582,36,IMSS-BIENESTAR,LLANO GRANDE (LA GRANDEZA),15.4733,-92.2316
CSIMO001594,37,IMSS-BIENESTAR,HUEHUETÁN,15.0152,-92.3874
CSIMO001606,37,IMSS-BIENESTAR,CHAMULAPITA,15.0679,-92.3688
CSIMO001611,37,IMSS-BIENESTAR,GUADALUPE (HUEHUETÁN),14.9798,-92.3374
CSIMO001623,37,IMSS-BIENESTAR,NUEVA VICTORIA,15.0192,-92.4742
CSIMO001635,37,IMSS-BIENESTAR,PLAN DE AYALA (HUEHUETÁN),14.983,-92.4767
CSIMO001640,37,IMSS-BIENESTAR,TEPEHUITZ,15.0631,-92.3393
CSIMO001652,37,IMSS-BIENESTAR,CANTÓN EL TÍVOLI,15.0064,-92.3339
CSIMO001664,38,IMSS-BIENESTAR,HUIXTÁN,16.7113,-92.4546
CSIMO001676,38,IMSS-BIENESTAR,ADOLFO LÓPEZ MATEOS (HUIXTÁN),16.7531,-92.4149
CSIMO001681,38,IMSS-BIENESTAR,CARMEN YALCHUCH,16.6439,-92.3624
CSIMO001693,38,IMSS-BIENESTAR,LA LIBERTAD (HUIXTÁN),16.7147,-92.3516
CSIMO001705,38,IMSS-BIENESTAR,BAZOM,16.7347,-92.4861
CSIMO001710,38,IMSS-BIENESTAR,SAN GREGORIO (HUIXTÁN),16.7056,-92.3764
CSIMO001722,39,IMSS-BIENESTAR,HUITIUPÁN,17.1716,-92.6849
CSIMO001734,39,IMSS-BIENESTAR,LA COMPETENCIA,17.2364,-92.7568
CSIMO001746,39,IMSS-BIENESTAR,EMILIANO ZAPATA (HUITIUPÁN),17.2536,-92.6388
CSIMO001751,39,IMSS-BIENESTAR,JOSÉ MARÍA MORELOS Y PAVÓN,17.241,-92.7021
CSIMO001763,39,IMSS-BIENESTAR,SOMBRA CARRIZAL,17.2976,-92.7472
CSIMO001775,40,IMSS-BIENESTAR,AQUILES SERDÁN (HUIXTLA),15.1585,-92.4762
CSIMO001780,40,IMSS-BIENESTAR,SANTA RITA CORONADO,15.2183,-92.4717
CSIMO001792,40,IMSS-BIENESTAR,FRANCISCO I. MADERO (HUIXTLA),15.0692,-92.5454
CSIMO001804,41,IMSS-BIENESTAR,LA INDEPENDENCIA (LA INDEPENDENCIA),16.251,-92.0201
CSIMO001816,41,IMSS-BIENESTAR,GALEANA,16.2237,-92.0005
CSIMO001821,41,IMSS-BIENESTAR,RÍO BLANCO (LA INDEPENDENCIA),16.1986,-91.6275
CSIMO001833,41,IMSS-BIENESTAR,EL TRIUNFO (LA INDEPENDENCIA),16.2054,-91.8594
CSIMO001845,41,IMSS-BIENESTAR,VENUSTIANO CARRANZA (LA INDEPENDENCIA),16.1917,-91.9284
CSIMO001862,42,IMSS-BIENESTAR,CHAPAYAL GRANDE,17.295,-92.9452
CSIMO001874,42,IMSS-BIENESTAR,IXHUATÁN,17.2928,-93.0091
CSIMO001886,44,IMSS-BIENESTAR,AZTLÁN (RANCHO NUEVO),16.7678,-92.9224
CSIMO001891,44,IMSS-BIENESTAR,CHIGTÓN,16.8425,-92.8738
CSIMO001903,44,IMSS-BIENESTAR,EL NOPAL (IXTAPA),16.8939,-92.8479
CSIMO001915,44,IMSS-BIENESTAR,EL ZAPOTILLO,16.8358,-92.9493
CSIMO001920,45,IMSS-BIENESTAR,IXTAPANGAJOYA,17.4977,-93.0018
CSIMO001932,45,IMSS-BIENESTAR,LA GLORIA (IXTAPANGAJOYA),17.4423,-92.9544
CSIMO001944,46,IMSS-BIENESTAR,JIQUIPILAS,16.6709,-93.6491
CSIMO001956,46,IMSS-BIENESTAR,CUAUHTÉMOC (JIQUIPILAS),16.5492,-93.716
CSIMO001961,46,IMSS-BIENESTAR,JULIÁN GRAJALES (JIQUIPILAS),16.4287,-93.7139
CSIMO001973,46,IMSS-BIENESTAR,NUEVA PALESTINA,16.4928,-93.6335
CSIMO001985,46,IMSS-BIENESTAR,QUINTANA ROO (JIQUIPILAS),16.605,-93.5605
CSIMO001990,46,IMSS-BIENESTAR,TIERRA Y LIBERTAD,16.3772,-93.8605
CSIMO002002,46,IMSS-BIENESTAR,EL TRIUNFO (JIQUIPILAS),16.4631,-93.7513
CSIMO002014,47,IMSS-BIENESTAR,JITOTOL,17.067,-92.8604
CSIMO002026,47,IMSS-BIENESTAR,CARMEN ZACATAL,17.0825,-92.8028
CSIMO002031,48,IMSS-BIENESTAR,JUÁREZ (JUÁREZ),17.6055,-93.1869
CSIMO002043,48,IMSS-BIENESTAR,DOCTOR BELISARIO DOMÍNGUEZ,17.6047,-93.1485
CSIMO002055,48,IMSS-BIENESTAR,EL PARAÍSO (JUÁREZ),17.7641,-93.2316
CSIMO002060,48,IMSS-BIENESTAR,EL TRIUNFO (JUÁREZ),17.6238,-93.166
CSIMO002072,48,IMSS-BIENESTAR,NUEVO VOLCÁN CHICHONAL,17.7708,-93.1093
CSIMO002084,49,IMSS-BIENESTAR,JOLNACHOJ,16.9192,-92.7721
CSIMO002096,118,IMSS-BIENESTAR,SANTIAGO EL PINAR,16.9397,-92.7144
CSIMO002101,49,IMSS-BIENESTAR,TALONHUITZ,16.9055,-92.7249
CSIMO002113,50,IMSS-BIENESTAR,JOSÉ MARÍA MORELOS Y PAVÓN CENTRO,17.6811,-91.8115
CSIMO002125,51,IMSS-BIENESTAR,MAPASTEPEC,15.461033,-92.887963
CSIMO002130,51,IMSS-BIENESTAR,FRANCISCO SARABIA (LA BLANCA),15.419,-92.9974
CSIMO002142,51,IMSS-BIENESTAR,NUEVO MILENIO VALDIVIA,15.5025,-92.949
CSIMO002154,51,IMSS-BIENESTAR,JOSÉ PANTALEÓN DOMÍNGUEZ,15.5126,-92.8324
CSIMO002166,51,IMSS-BIENESTAR,PROGRESO DE CHIAPAS,15.5248,-92.9524
CSIMO002171,51,IMSS-BIENESTAR,SESECAPA,15.4006,-92.8218
CSIMO002183,51,IMSS-BIENESTAR,TRES DE MAYO,15.5704,-92.8656
CSIMO002195,51,IMSS-BIENESTAR,NICOLÁS BRAVO UNO ANEXO EMILIANO ZAPATA,15.357,-92.8376
CSIMO002200,52,IMSS-BIENESTAR,BAJUCÚ,16.4745,-92.0629
CSIMO002212,52,IMSS-BIENESTAR,BENITO JUÁREZ (LAS MARGARITAS),16.4056,-91.4897
CSIMO002224,52,IMSS-BIENESTAR,FELIPE CARRILLO PUERTO (LAS MARGARITAS),16.3864,-91.7153
CSIMO002236,52,IMSS-BIENESTAR,CHIAPAS,16.3831,-91.8638
CSIMO002241,52,IMSS-BIENESTAR,EL EDÉN,16.2875,-91.6416
CSIMO002253,52,IMSS-BIENESTAR,LA ESPERANZA (LAS MARGARITAS),16.3478,-91.981
CSIMO002265,52,IMSS-BIENESTAR,FRANCISCO I. MADERO (LAS MARGARITAS),16.2929,-91.9059
CSIMO002270,52,IMSS-BIENESTAR,GUADALUPE TEPEYAC,16.321609,-91.543607
CSIMO002282,52,IMSS-BIENESTAR,GUADALUPE LOS ALTOS,16.3028,-91.4214
CSIMO002294,52,IMSS-BIENESTAR,EL MOMON,16.3372,-91.7694
CSIMO002306,52,IMSS-BIENESTAR,NUEVO HUIXTÁN,16.1548,-91.4138
CSIMO002311,52,IMSS-BIENESTAR,NUEVO MÉXICO (LAS MARGARITAS),16.5689,-92.0849
CSIMO002323,52,IMSS-BIENESTAR,NUEVO SAN JUAN CHAMULA (EL PACAYAL),16.1442,-91.4443
CSIMO002335,52,IMSS-BIENESTAR,NUEVO SANTO TOMÁS,16.2039,-91.4088
CSIMO002340,52,IMSS-BIENESTAR,PLAN DE AYALA (LAS MARGARITAS),16.4706,-92.0277
CSIMO002352,52,IMSS-BIENESTAR,SALTILLO (LAS MARGARITAS),16.3921,-91.9509
CSIMO002364,52,IMSS-BIENESTAR,SAN CARALAMPIO (LAS MARGARITAS),16.3581,-91.6325
CSIMO002376,52,IMSS-BIENESTAR,PLAN DE SANTO TOMÁS,16.4133,-91.5828
CSIMO002381,52,IMSS-BIENESTAR,VEINTE DE NOVIEMBRE (LAS MARGARITAS),16.6199,-92.0818
CSIMO002393,52,IMSS-BIENESTAR,VICENTE GUERRERO (LAS MARGARITAS),16.3834,-91.676
CSIMO002405,52,IMSS-BIENESTAR,YASHA,16.39,-92.0688
CSIMO002410,114,IMSS-BIENESTAR,MARAVILLA TENEJAPA,16.1453,-91.2941
CSIMO002422,52,IMSS-BIENESTAR,SAN GREGORIO LA ESPERANZA,16.49,-91.4618
CSIMO002434,114,IMSS-BIENESTAR,AMATITLÁN,16.2335,-91.2921
CSIMO002446,114,IMSS-BIENESTAR,FLOR DE CAFÉ,16.0808,-91.1828
CSIMO002451,52,IMSS-BIENESTAR,FRANCISCO VILLA (LAS MARGARITAS),16.3019,-91.5575
CSIMO002463,52,IMSS-BIENESTAR,LA FORTUNA GALLO GIRO,16.1796,-91.3491
CSIMO002475,52,IMSS-BIENESTAR,EL PARAÍSO (LAS MARGARITAS),16.2767,-91.7419
CSIMO002480,4,IMSS-BIENESTAR,GUADALUPE (LAS MARGARITAS),16.2431,-91.5764
CSIMO002492,53,IMSS-BIENESTAR,JUÁREZ CHEMALE,15.4267,-92.2008
CSIMO002504,53,IMSS-BIENESTAR,VALLE OBREGÓN,15.4156,-92.1596
CSIMO002516,53,IMSS-BIENESTAR,VERDAD DEL TRIUNFO,15.3506,-92.2106
CSIMO002521,53,IMSS-BIENESTAR,EL HORIZONTE,15.3706,-92.1563
CSIMO002533,54,IMSS-BIENESTAR,EL AGUACATE,14.8409,-92.4282
CSIMO002545,54,IMSS-BIENESTAR,AQUILES SERDÁN (MAZATÁN),14.9401,-92.5147
CSIMO002550,54,IMSS-BIENESTAR,SAN JOSÉ EL HUAYATE (BARRA DE SAN JOSÉ),14.9192,-92.6231
CSIMO002562,54,IMSS-BIENESTAR,BUENOS AIRES,14.8888,-92.4804
CSIMO002574,54,IMSS-BIENESTAR,EFRAÍN A. GUTIÉRREZ (MAZATÁN),14.8115,-92.481
CSIMO002586,55,IMSS-BIENESTAR,METAPA DE DOMÍNGUEZ,14.8366,-92.1906
CSIMO002591,56,IMSS-BIENESTAR,CHIMHUCUM,16.8883,-92.5313
CSIMO002603,56,IMSS-BIENESTAR,OXINAM,16.8539,-92.5496
CSIMO002615,56,IMSS-BIENESTAR,SUYALHÓ,16.88,-92.5764
CSIMO002620,57,IMSS-BIENESTAR,MOTOZINTLA DE MENDOZA,15.355211,-92.247081
CSIMO002632,57,IMSS-BIENESTAR,BELISARIO DOMÍNGUEZ,15.3012,-92.3749
CSIMO002644,57,IMSS-BIENESTAR,BERRIOZÁBAL (MOTOZINTLA),15.2619,-92.2833
CSIMO002656,57,IMSS-BIENESTAR,BREMEN,15.22,-92.3494
CSIMO002661,57,IMSS-BIENESTAR,BUENAVISTA (MOTOZINTLA),15.2781,-92.2341
CSIMO002673,57,IMSS-BIENESTAR,EL CARRIZAL (MOTOZINTLA),15.4062,-92.3068
CSIMO002685,57,IMSS-BIENESTAR,LLANO GRANDE (MOTOZINTLA),15.2618,-92.3152
CSIMO002690,57,IMSS-BIENESTAR,NIQUIVIL,15.2576,-92.2135
CSIMO002702,57,IMSS-BIENESTAR,NUEVA MARAVILLAS,15.2942,-92.4441
CSIMO002714,57,IMSS-BIENESTAR,SAN JOSÉ IXTEPEC,15.3509,-92.3766
CSIMO002726,57,IMSS-BIENESTAR,TUIXCUM GRANDE,15.2945,-92.2185
CSIMO002731,57,IMSS-BIENESTAR,IGNACIO ZARAGOZA (MOTOZINTLA),15.2423,-92.229
CSIMO002743,57,IMSS-BIENESTAR,NUEVA ESPERANZA (MOTOZINTLA),15.3362,-92.3829
CSIMO002755,57,IMSS-BIENESTAR,TOLIMAM,15.3187,-92.3288
CSIMO002760,57,IMSS-BIENESTAR,XELAJU(MOTOZINTLA DE MENDOZA),15.3356,-92.2172
CSIMO002772,58,IMSS-BIENESTAR,NICOLÁS RUÍZ,16.4386,-92.5819
CSIMO002784,59,IMSS-BIENESTAR,OCOSINGO,16.900871,-92.087206
CSIMO002796,59,IMSS-BIENESTAR,ABASOLO (OCOSINGO),16.8226,-92.2115
CSIMO002801,59,IMSS-BIENESTAR,CAMPO ALEGRE,16.9411,-91.9424
CSIMO002813,59,IMSS-BIENESTAR,DAMASCO,17.1619,-91.5999
CSIMO002825,59,IMSS-BIENESTAR,LA FRONTERA UNO,16.9314,-92.2846
CSIMO002842,59,IMSS-BIENESTAR,SAN QUINTÍN,16.4058,-91.3458
CSIMO002854,59,IMSS-BIENESTAR,EL SIBAL,16.982,-91.4909
CSIMO002866,59,IMSS-BIENESTAR,TENANGO (OCOSINGO),16.9085,-92.2611
CSIMO002871,59,IMSS-BIENESTAR,EL TUMBO,17.0774,-91.6267
CSIMO002883,59,IMSS-BIENESTAR,UBILIO GARCÍA,17.0804,-91.4762
CSIMO002900,59,IMSS-BIENESTAR,SANTO TON,16.9361,-91.886
CSIMO002912,59,IMSS-BIENESTAR,TANIPERLA,16.8217,-91.5242
CSIMO002924,113,IMSS-BIENESTAR,BENEMÉRITO DE LAS AMÉRICAS,16.516928,-90.65358
CSIMO002936,113,IMSS-BIENESTAR,FLOR DE CACAO,16.9623,-91.794
CSIMO002941,59,IMSS-BIENESTAR,NAHA,16.9792,-91.5812
CSIMO002953,59,IMSS-BIENESTAR,NUEVO FRANCISCO LEÓN,17.028,-91.3218
CSIMO002965,115,IMSS-BIENESTAR,PICO DE ORO,16.8708,-91.9697
CSIMO002970,59,IMSS-BIENESTAR,VIEJO VELASCO SUÁREZ,16.9755,-91.239
CSIMO002982,113,IMSS-BIENESTAR,LA NUEVA UNIÓN (BENEMÉRITO DE LAS AMÉRICAS),16.0869,-90.7733
CSIMO002994,31,IMSS-BIENESTAR,SAN JERÓNIMO TULIJÁ,16.7671,-91.5334
CSIMO003006,59,IMSS-BIENESTAR,EL LIMÓN,16.9434,-91.649
CSIMO003011,59,IMSS-BIENESTAR,CINTALAPA (OCOSINGO),16.923,-91.3614
CSIMO003023,59,IMSS-BIENESTAR,NUEVO MONTE LÍBANO,16.9175,-91.6362
CSIMO003035,59,IMSS-BIENESTAR,SIBACA,16.9278,-92.1388
CSIMO003040,59,IMSS-BIENESTAR,CUXULJÁ,16.8117,-92.1703
CSIMO003052,59,IMSS-BIENESTAR,NUEVO CANÁN,17.1708,-91.4772
CSIMO003064,60,IMSS-BIENESTAR,OCOTEPEC (OCOTEPEC| CHIS),17.2257,-93.1614
CSIMO003076,60,IMSS-BIENESTAR,SAN PABLO HUACANO,17.1962,-93.2073
CSIMO003081,61,IMSS-BIENESTAR,OCOZOCOAUTLA DE ESPINOSA,16.755027,-93.380102
CSIMO003093,61,IMSS-BIENESTAR,ALFONSO MOGUEL,16.6667,-93.508
CSIMO003105,61,IMSS-BIENESTAR,AMADOR HERNÁNDEZ GONZÁLEZ,17.0743,-93.5728
CSIMO003110,61,IMSS-BIENESTAR,OCUILAPA DE JUÁREZ,16.8552,-93.4137
CSIMO003122,61,IMSS-BIENESTAR,VICENTE GUERRERO (MATAMOROS),16.6797,-93.2618
CSIMO003134,61,IMSS-BIENESTAR,AMÉRICA LIBRE,16.9955,-93.4371
CSIMO003146,61,IMSS-BIENESTAR,JUAN DE GRIJALVA,17.0572,-93.5102
CSIMO003151,61,IMSS-BIENESTAR,LINDAVISTA,17.0975,-93.6641
CSIMO003163,61,IMSS-BIENESTAR,GUADALUPE VICTORIA (OCOZOCOAUTLA DE ESPINOSA),16.6253,-93.3354
CSIMO003175,61,IMSS-BIENESTAR,LUIS ECHEVERRÍA (AGUA BLANCA),17.1003,-93.8571
CSIMO003180,62,IMSS-BIENESTAR,NUEVO GUADALUPE VICTORIA,,
CSIMO003192,62,IMSS-BIENESTAR,NUEVO XOCHIMILCO,17.4511,-93.3693
CSIMO003204,63,IMSS-BIENESTAR,OSUMACINTA,16.9359,-93.0909
CSIMO003216,64,IMSS-BIENESTAR,EL CORRALITO,16.8222,-92.2502
CSIMO003221,64,IMSS-BIENESTAR,JOVILTÓN,16.8297,-92.3161
CSIMO003233,64,IMSS-BIENESTAR,TUXAQUILJÁ,16.7525,-92.2679
CSIMO003245,64,IMSS-BIENESTAR,EL TZAY,16.8675,-92.3188
CSIMO003250,64,IMSS-BIENESTAR,TZUNÚN,16.8411,-92.3736
CSIMO003262,64,IMSS-BIENESTAR,YOSHIB,16.848,-92.4441
CSIMO003274,64,IMSS-BIENESTAR,CRUZILJA (MEDIA LUNA),16.8247,-92.3096
CSIMO003286,65,IMSS-BIENESTAR,BAJADAS GRANDES,17.7011,-92.2607
CSIMO003291,65,IMSS-BIENESTAR,EL CLAVO,17.3844,-91.6304
CSIMO003303,65,IMSS-BIENESTAR,FRANCISCO I. MADERO NORTE,17.6852,-91.8793
CSIMO003315,65,IMSS-BIENESTAR,LIC. JOSÉ CASTILLO TIELMANS,17.3961,-91.8129
CSIMO003320,65,IMSS-BIENESTAR,REFORMA AGRARIA (CHINIQUIJA),17.4083,-91.6613
CSIMO003332,65,IMSS-BIENESTAR,DOCTOR SAMUEL LEÓN BRINDIS,17.4355,-91.931
CSIMO003344,65,IMSS-BIENESTAR,BABILONIA 1A. SECCIÓN,17.4467,-92.0239
CSIMO003356,65,IMSS-BIENESTAR,AGUA BLANCA SERRANÍA,17.2672,-91.834
CSIMO003361,65,IMSS-BIENESTAR,VISTAHERMOSA,17.3334,-91.5034
CSIMO003373,65,IMSS-BIENESTAR,CHANCALA ZAPOTE,17.4077,-91.8991
CSIMO003385,65,IMSS-BIENESTAR,LA REFORMA DE OCAMPO,17.3148,-91.695
CSIMO003390,66,IMSS-BIENESTAR,PANTELHÓ,17.0058,-92.4712
CSIMO003402,66,IMSS-BIENESTAR,AURORA ESQUIPULAS,17.1161,-92.4752
CSIMO003414,66,IMSS-BIENESTAR,SAN JOSÉ BOCHTIC,17.0494,-92.4503
CSIMO003426,66,IMSS-BIENESTAR,EL ROBLAR,17.0808,-92.4214
CSIMO003431,66,IMSS-BIENESTAR,AQUILES SERDÁN (SANTA LUCÍA),17.0986,-92.4921
CSIMO003443,67,IMSS-BIENESTAR,PANTEPEC (PANTEPEC| CHIS),17.1894,-93.0501
CSIMO003455,68,IMSS-BIENESTAR,PICHUCALCO,17.5086,-93.1183
CSIMO003460,68,IMSS-BIENESTAR,PLUTARCO ELÍAS CALLES,17.6133,-93.3941
CSIMO003472,68,IMSS-BIENESTAR,NUEVO NICAPA,17.6316,-93.0713
CSIMO003484,69,IMSS-BIENESTAR,LA CENTRAL,15.7251,-93.2999
CSIMO003496,69,IMSS-BIENESTAR,LAS CUACHES,15.4609,-93.1492
CSIMO003501,69,IMSS-BIENESTAR,JOAQUÍN MIGUEL GUTIÉRREZ (MARGARITAS),15.5484,-93.0896
CSIMO003513,69,IMSS-BIENESTAR,EL PALMARCITO,15.4984,-93.2116
CSIMO003525,69,IMSS-BIENESTAR,PLAN DE AYALA (PIJIJIAPAN),15.6589,-93.0374
CSIMO003530,70,IMSS-BIENESTAR,EL PORVENIR DE VELASCO SUÁREZ,15.4578,-92.2784
CSIMO003542,70,IMSS-BIENESTAR,EL CAMBIL,15.4276,-92.3207
CSIMO003554,70,IMSS-BIENESTAR,CANADÁ,15.4481,-92.226
CSIMO003566,70,IMSS-BIENESTAR,CHIMALAPA,15.3979,-92.236
CSIMO003571,70,IMSS-BIENESTAR,CHIMALE,15.4109,-92.2399
CSIMO003583,70,IMSS-BIENESTAR,MALE UNO,15.4329,-92.2471
CSIMO003595,71,IMSS-BIENESTAR,CANTÓN LAS BRISAS,15.1479,-92.6257
CSIMO003600,71,IMSS-BIENESTAR,HIDALGO (VILLA COMALTITLÁN),15.1631,-92.6293
CSIMO003612,71,IMSS-BIENESTAR,PROVIDENCIA (VILLA COMALTITLÁN),15.309,-92.5304
CSIMO003624,71,IMSS-BIENESTAR,VICENTE GUERRERO (VILLA COMALTITLÁN),15.2604,-92.5547
CSIMO003636,71,IMSS-BIENESTAR,LÁZARO CÁRDENAS (VILLA COMALTITLÁN),15.1751,-92.5516
CSIMO003641,120,IMSS-BIENESTAR,RINCÓN CHAMULA,17.2057,-92.9318
CSIMO003653,72,IMSS-BIENESTAR,SAN JOSÉ CHAPAYAL,17.3006,-92.8903
CSIMO003665,72,IMSS-BIENESTAR,SONORA,17.1728,-92.8358
CSIMO003670,73,IMSS-BIENESTAR,RAYÓN (RAYÓN| CHIS),17.2,-93.0123
CSIMO003682,74,IMSS-BIENESTAR,CRISTO REY,17.8372,-93.2769
CSIMO003694,76,IMSS-BIENESTAR,SABANILLA,17.2839,-92.5543
CSIMO003706,76,IMSS-BIENESTAR,EL BEBEDERO,17.395,-92.6477
CSIMO003711,76,IMSS-BIENESTAR,BUENAVISTA (SABANILLA),17.2256,-92.5267
CSIMO003723,76,IMSS-BIENESTAR,MAJASTIC,17.2905,-92.6263
CSIMO003735,76,IMSS-BIENESTAR,MOYOS,17.3572,-92.6388
CSIMO003740,77,IMSS-BIENESTAR,CENOBIO AGUILAR (LA TRINIDAD),17.4077,-92.3221
CSIMO003752,77,IMSS-BIENESTAR,EGIPTO,17.2616,-91.9713
CSIMO003764,77,IMSS-BIENESTAR,HUANAL,17.4913,-92.2241
CSIMO003776,77,IMSS-BIENESTAR,JERUSALÉN,17.3677,-92.0607
CSIMO003781,77,IMSS-BIENESTAR,LOS LUCEROS 2A. SECCIÓN,17.5289,-92.4231
CSIMO003793,77,IMSS-BIENESTAR,PUEBLO NUEVO (SALTO DE AGUA),17.5872,-92.3791
CSIMO003805,77,IMSS-BIENESTAR,SAN MIGUEL (SALTO DE AGUA),17.36,-92.0093
CSIMO003810,77,IMSS-BIENESTAR,SUCLUMPA,17.41,-92.1635
CSIMO003822,77,IMSS-BIENESTAR,EL TORTUGUERO 1A. SECCIÓN,17.3058,-92.1207
CSIMO003834,77,IMSS-BIENESTAR,DOS ARROYOS 1A. SECCIÓN,17.6058,-92.2743
CSIMO003846,78,IMSS-BIENESTAR,SAN JOSÉ YASHITINÍN,16.6544,-92.4449
CSIMO003851,78,IMSS-BIENESTAR,LA CANDELARIA (SAN CRISTÓBAL DE LAS CASAS),16.7417,-92.5199
CSIMO003863,78,IMSS-BIENESTAR,SAN FELIPE ECATEPEC,16.732104,-92.6546
CSIMO003875,79,IMSS-BIENESTAR,SAN FERNANDO (ALVARO OBREGON),16.8686,-93.2081
CSIMO003880,79,IMSS-BIENESTAR,BENITO JUÁREZ (SAN FERNANDO),16.8803,-93.1896
CSIMO003892,79,IMSS-BIENESTAR,GABRIEL ESQUINCA,16.9369,-93.1752
CSIMO003904,80,IMSS-BIENESTAR,SILTEPEC,15.5551,-92.3226
CSIMO003916,124,IMSS-BIENESTAR,ÁNGEL DÍAZ,15.5494,-92.4039
CSIMO003921,119,IMSS-BIENESTAR,CAPITÁN LUIS A. VIDAL,15.5998,-92.6279
CSIMO003933,124,IMSS-BIENESTAR,LAS DELICIAS (SILTEPEC),15.6328,-92.5018
CSIMO003945,80,IMSS-BIENESTAR,LIBERTAD VENTANAS,15.5384,-92.2754
CSIMO003950,124,IMSS-BIENESTAR,LAS MORAS (SILTEPEC),15.5592,-92.4289
CSIMO003962,124,IMSS-BIENESTAR,PABLO GALEANA,15.5695,-92.5391
CSIMO003974,80,IMSS-BIENESTAR,EL PALMAR GRANDE,15.4998,-92.2535
CSIMO003986,80,IMSS-BIENESTAR,EL RODEO (SILTEPEC),15.4728,-92.2724
CSIMO003991,80,IMSS-BIENESTAR,VEGA DE GUERRERO,15.5678,-92.3468
CSIMO004003,124,IMSS-BIENESTAR,CERRO PEROTE,15.6495,-92.4304
CSIMO004015,117,IMSS-BIENESTAR,SAN ANDRÉS DURAZNAL,17.1306,-92.8042
CSIMO004020,81,IMSS-BIENESTAR,EL JARDÍN,17.1656,-92.5997
CSIMO004032,81,IMSS-BIENESTAR,LUIS ESPINOSA (SIMOJOVEL),17.1156,-92.69
CSIMO004044,81,IMSS-BIENESTAR,LAS MARAVILLAS (SIMOJOVEL),17.1353,-92.5566
CSIMO004061,81,IMSS-BIENESTAR,PUEBLO NUEVO SITALA,17.1389,-92.4831
CSIMO004073,82,IMSS-BIENESTAR,SITALÁ,17.0247,-92.3073
CSIMO004085,83,IMSS-BIENESTAR,SOCOLTENANGO,16.2419,-92.3492
CSIMO004090,83,IMSS-BIENESTAR,EL SANTUARIO,16.1136,-92.4382
CSIMO004102,83,IMSS-BIENESTAR,TZINIL,16.2575,-92.3221
CSIMO004114,83,IMSS-BIENESTAR,LÁZARO CÁRDENAS (SOCOLTENANGO),16.1603,-92.3558
CSIMO004126,84,IMSS-BIENESTAR,SOLOSUCHIAPA,17.4279,-93.032
CSIMO004131,85,IMSS-BIENESTAR,SOYALÓ,16.8904,-92.9242
CSIMO004143,85,IMSS-BIENESTAR,FRANCISCO SARABIA (SOYALÓ),16.948,-93.0118
CSIMO004155,87,IMSS-BIENESTAR,BARRA DE CAHOACÁN (EL CHICAL),14.6398,-92.3018
CSIMO004160,87,IMSS-BIENESTAR,EL CAMPITO,14.676,-92.1749
CSIMO004172,87,IMSS-BIENESTAR,DORADO NUEVO,14.674,-92.2104
CSIMO004184,87,IMSS-BIENESTAR,IGNACIO LÓPEZ RAYÓN,14.6201,-92.1846
CSIMO004196,87,IMSS-BIENESTAR,LA LIBERTAD (SUCHIATE),14.5916,-92.1916
CSIMO004201,87,IMSS-BIENESTAR,20 DE NOVIEMBRE (SUCHIATE),14.7134,-92.2604
CSIMO004213,87,IMSS-BIENESTAR,EL GANCHO,14.5629,-92.2552
CSIMO004225,88,IMSS-BIENESTAR,SUNUAPA,17.4913,-93.2433
CSIMO004230,89,IMSS-BIENESTAR,NUEVO CHESPAL,15.1145,-92.211
CSIMO004242,89,IMSS-BIENESTAR,JOAQUÍN MIGUEL GUTIÉRREZ (EL MANZANO),14.7471,-92.3095
CSIMO004254,89,IMSS-BIENESTAR,MARIO SOUZA,15.1281,-92.2535
CSIMO004266,89,IMSS-BIENESTAR,FRACCIÓN LAS PALMAS,15.0445,-92.231
CSIMO004271,89,IMSS-BIENESTAR,PAVENCUL,15.2006,-92.1796
CSIMO004283,89,IMSS-BIENESTAR,EL PORVENIR (TAPACHULA),14.9333,-92.2774
CSIMO004295,89,IMSS-BIENESTAR,SAN JOSÉ REFORMA,15.0398,-92.3302
CSIMO004300,89,IMSS-BIENESTAR,SANTA ELENA,15.0809,-92.2716
CSIMO004312,89,IMSS-BIENESTAR,TOQUIÁN CHIQUITO,15.1712,-92.2271
CSIMO004324,89,IMSS-BIENESTAR,VEINTISÉIS DE OCTUBRE,15.0843,-92.2515
CSIMO004336,89,IMSS-BIENESTAR,ZARAGOZA (TAPACHULA),15.1293,-92.3054
CSIMO004341,89,IMSS-BIENESTAR,CINCO DE MAYO (TAPACHULA),15.0362,-92.2854
CSIMO004353,89,IMSS-BIENESTAR,EL TRIUNFO (TAPACHULA),15.1521,-92.37
CSIMO004365,89,IMSS-BIENESTAR,EL NARANJO (TAPACHULA),15.199,-92.3235
CSIMO004370,89,IMSS-BIENESTAR,VEINTE DE NOVIEMBRE (TAPACHULA),14.9768,-92.2649
CSIMO004382,90,IMSS-BIENESTAR,TAPALAPA,17.1888,-93.1021
CSIMO004394,91,IMSS-BIENESTAR,PORTACELI,17.2472,-92.9883
CSIMO004406,92,IMSS-BIENESTAR,EMILIANO ZAPATA (TECPATÁN),17.2172,-93.3416
CSIMO004411,92,IMSS-BIENESTAR,LUIS ESPINOSA (TECPATÁN),17.1489,-93.4232
CSIMO004423,123,IMSS-BIENESTAR,RÓMULO CALZADA (LA HERRADURA),17.3411,-93.5538
CSIMO004435,92,IMSS-BIENESTAR,JUAN SABINES GUTIÉRREZ,17.2367,-93.4175
CSIMO004440,123,IMSS-BIENESTAR,ADOLFO LÓPEZ MATEOS (TECPATÁN),17.2159,-93.4783
CSIMO004452,92,IMSS-BIENESTAR,LÁZARO CÁRDENAS 2,17.2525,-93.4853
CSIMO004464,93,IMSS-BIENESTAR,TENEJAPA,16.8202,-92.5077
CSIMO004476,93,IMSS-BIENESTAR,JOMANICHIM,16.9006,-92.4722
CSIMO004481,93,IMSS-BIENESTAR,MAJOSIK,16.8978,-92.4933
CSIMO004493,93,IMSS-BIENESTAR,SIBANILJÁ POCOLUM,16.8744,-92.4604
CSIMO004505,93,IMSS-BIENESTAR,TZAJALCHÉN,16.8405,-92.4591
CSIMO004510,93,IMSS-BIENESTAR,SIBACTEL,16.8986,-92.5136
CSIMO004522,94,IMSS-BIENESTAR,NUEVO LEÓN,16.486,-92.5706
CSIMO004534,95,IMSS-BIENESTAR,TILA,17.3023,-92.4262
CSIMO004546,95,IMSS-BIENESTAR,EL CRUCERO,17.3694,-92.4627
CSIMO004551,95,IMSS-BIENESTAR,CANTIOC,17.2636,-92.4057
CSIMO004563,95,IMSS-BIENESTAR,CHULUM CÁRDENAS,17.3839,-92.5738
CSIMO004575,95,IMSS-BIENESTAR,CHULUM JUÁREZ,17.3316,-92.5338
CSIMO004580,95,IMSS-BIENESTAR,JOLNISHTIE 1RA. SECCIÓN,17.438,-92.5113
CSIMO004592,95,IMSS-BIENESTAR,JOLPOKITIOC,17.2716,-92.4496
CSIMO004604,95,IMSS-BIENESTAR,EL LIMAR,17.4151,-92.4041
CSIMO004616,95,IMSS-BIENESTAR,NUEVA ESPERANZA (TILA),17.2451,-92.4545
CSIMO004621,95,IMSS-BIENESTAR,PETALCINGO,17.2252,-92.415
CSIMO004633,95,IMSS-BIENESTAR,SHOCTIC,17.2222,-92.4902
CSIMO004645,95,IMSS-BIENESTAR,CAMPANARIO,17.468,-92.3507
CSIMO004650,95,IMSS-BIENESTAR,PASO CHINAL,17.4961,-92.5127
CSIMO004662,96,IMSS-BIENESTAR,HUANACASTAL,16.145,-93.8331
CSIMO004674,96,IMSS-BIENESTAR,DURANGO (VICTORICO R. GRAJALES),16.1364,-93.8727
CSIMO004686,96,IMSS-BIENESTAR,TRES PICOS,15.8858,-93.5266
CSIMO004691,96,IMSS-BIENESTAR,GENERAL ALBERTO PINEDA,15.8192,-93.4363
CSIMO004703,96,IMSS-BIENESTAR,HUIZACHAL,16.0495,-93.801
CSIMO004715,96,IMSS-BIENESTAR,MANUEL ÁVILA CAMACHO (PONTE DURO),15.8095,-93.5871
CSIMO004720,96,IMSS-BIENESTAR,MIGUEL HIDALGO NO. 1,16.1081,-93.6974
CSIMO004732,96,IMSS-BIENESTAR,VICENTE GUERRERO (TONALÁ),16.0016,-93.7491
CSIMO004744,96,IMSS-BIENESTAR,MIGUEL HIDALGO NÚMERO DOS (20 DE NOVIEMBRE),15.952,-93.8119
CSIMO004756,96,IMSS-BIENESTAR,RAYMUNDO FLORES FUENTES,16.0367,-93.6192
CSIMO004761,69,IMSS-BIENESTAR,CELESTINO GASCA VILLASEÑOR (NUEVO MILENIO),15.8088,-93.3609
CSIMO004773,97,IMSS-BIENESTAR,TOTOLAPA,16.5441,-92.6805
CSIMO004785,98,IMSS-BIENESTAR,LA TRINITARIA,16.1182,-92.0468
CSIMO004790,98,IMSS-BIENESTAR,ÁNGEL ALBINO CORZO,16.0214,-91.8968
CSIMO004802,41,IMSS-BIENESTAR,SAN ANTONIO BUENAVISTA,16.1498,-91.6498
CSIMO004814,98,IMSS-BIENESTAR,CUAUHTÉMOC (LA TRINITARIA),16.1095,-91.6165
CSIMO004826,98,IMSS-BIENESTAR,CHIHUAHUA,16.0298,-91.9732
CSIMO004831,98,IMSS-BIENESTAR,LAS DELICIAS (LA TRINITARIA),15.9687,-91.8624
CSIMO004843,98,IMSS-BIENESTAR,LA ESPERANZA (LA TRINITARIA),16.1517,-91.8682
CSIMO004855,98,IMSS-BIENESTAR,LÁZARO CÁRDENAS (LA TRINITARIA),16.1151,-91.8343
CSIMO004860,98,IMSS-BIENESTAR,JOSÉ MARÍA MORELOS (LA TRINITARIA),16.0406,-91.8315
CSIMO004872,98,IMSS-BIENESTAR,EL PORVENIR AGRARISTA,16.1639,-91.835
CSIMO004884,98,IMSS-BIENESTAR,SANTA RITA (LA TRINITARIA),16.1314,-91.9749
CSIMO004896,98,IMSS-BIENESTAR,SAN VICENTE,16.14,-91.5707
CSIMO004901,98,IMSS-BIENESTAR,VICENTE GUERRERO (LA TRINITARIA),16.0041,-91.8206
CSIMO004913,98,IMSS-BIENESTAR,PLAN DE AYALA (LA TRINITARIA),15.9381,-92.0803
CSIMO004925,98,IMSS-BIENESTAR,RODULFO FIGUEROA,15.9203,-91.9036
CSIMO004930,19,IMSS-BIENESTAR,PESQUERIA J. MUJICA,16.0891,-92.0207
CSIMO004942,99,IMSS-BIENESTAR,HIDALGO JOSHIL,17.2258,-92.3467
CSIMO004954,99,IMSS-BIENESTAR,JOLJAMIL,17.2619,-92.3222
CSIMO004966,99,IMSS-BIENESTAR,EL PORVENIR (TUMBALÁ),17.3408,-92.3254
CSIMO004971,99,IMSS-BIENESTAR,MARISCAL SUBIKUSKI,17.3322,-92.3804
CSIMO004983,99,IMSS-BIENESTAR,VENUSTIANO CARRANZA (TUMBALÁ),17.3028,-92.1731
CSIMO004995,99,IMSS-BIENESTAR,ESPERANZA JOYETA,17.263,-92.1249
CSIMO005000,99,IMSS-BIENESTAR,CHUCHUCRUZ PRIMERA SECCIÓN,17.3038,-92.2721
CSIMO005012,100,IMSS-BIENESTAR,TUXTLA GUTIÉRREZ,16.7531,-93.1156
CSIMO005024,101,IMSS-BIENESTAR,SILVANO GATICA,14.9582,-92.2077
CSIMO005036,101,IMSS-BIENESTAR,GUADALUPE VICTORIA (TUXTLA CHICO),14.8037,-92.2502
CSIMO005041,101,IMSS-BIENESTAR,MANUEL LAZOS,14.9701,-92.1868
CSIMO005053,101,IMSS-BIENESTAR,MIGUEL HIDALGO (TUXTLA CHICO),14.9362,-92.2091
CSIMO005065,101,IMSS-BIENESTAR,EL SUR DE GUILLÉN,14.8879,-92.1657
CSIMO005070,102,IMSS-BIENESTAR,TUZANTÁN,15.1483,-92.4236
CSIMO005082,102,IMSS-BIENESTAR,MANACAL,15.1748,-92.3743
CSIMO005094,102,IMSS-BIENESTAR,NUEVA TENOCHTITLÁN,15.1956,-92.4141
CSIMO005106,102,IMSS-BIENESTAR,SAN CRISTÓBAL (TUZANTÁN),15.1804,-92.3643
CSIMO005111,102,IMSS-BIENESTAR,EL TARRAL,15.2143,-92.3826
CSIMO005123,102,IMSS-BIENESTAR,ESTACIÓN TUZANTÁN,15.1054,-92.4516
CSIMO005135,102,IMSS-BIENESTAR,VILLA HIDALGO (TUZANTÁN),15.105,-92.3744
CSIMO005140,103,IMSS-BIENESTAR,TZIMOL,16.1795,-92.1895
CSIMO005152,103,IMSS-BIENESTAR,HÉROES DE CHAPULTEPEC (EL LIMÓN),16.0678,-92.2837
CSIMO005164,103,IMSS-BIENESTAR,SAN VICENTE LA MESILLA,16.1788,-92.2939
CSIMO005176,104,IMSS-BIENESTAR,EL DESENLACE,15.0659,-92.0904
CSIMO005181,104,IMSS-BIENESTAR,EUREKA,15.0601,-92.1268
CSIMO005193,104,IMSS-BIENESTAR,SAN RAFAEL (UNIÓN JUÁREZ),15.052,-92.1138
CSIMO005205,104,IMSS-BIENESTAR,TALQUIÁN,15.0853,-92.0844
CSIMO005210,105,IMSS-BIENESTAR,VENUSTIANO CARRANZA,16.316417,-92.567949
CSIMO005222,105,IMSS-BIENESTAR,AGUACATENANGO,16.4731,-92.4067
CSIMO005234,105,IMSS-BIENESTAR,RICARDO FLORES MAGÓN (VENUSTIANO CARRANZA),16.3951,-92.6966
CSIMO005246,105,IMSS-BIENESTAR,MIGUEL HIDALGO (VENUSTIANO CARRANZA),16.3489,-92.6279
CSIMO005251,105,IMSS-BIENESTAR,SOYATITÁN,16.2936,-92.4241
CSIMO005263,105,IMSS-BIENESTAR,VICENTE GUERRERO (VENUSTIANO CARRANZA| CHIS),16.4369,-92.7114
CSIMO005275,106,IMSS-BIENESTAR,FRANCISCO MURGUÍA,15.9633,-93.1928
CSIMO005280,121,IMSS-BIENESTAR,JERICÓ (PORVENIR JERICÓ),16.2881,-92.9621
CSIMO005292,121,IMSS-BIENESTAR,EL PARRAL,16.3657,-93.0089
CSIMO005304,106,IMSS-BIENESTAR,1O. DE MAYO,16.1492,-93.1143
CSIMO005316,106,IMSS-BIENESTAR,REVOLUCIÓN MEXICANA,16.1699,-93.0765
CSIMO005321,106,IMSS-BIENESTAR,VALLE MORELOS,16.1362,-92.9978
CSIMO005333,106,IMSS-BIENESTAR,NUEVO VICENTE GUERRERO,16.039,-92.9787
CSIMO005345,106,IMSS-BIENESTAR,IGNACIO ZARAGOZA (VILLA CORZO),15.9544,-93.225
CSIMO005350,106,IMSS-BIENESTAR,SIERRA MORENA,16.1506,-93.5874
CSIMO005362,106,IMSS-BIENESTAR,MONTERREY (VILLA CORZO),16.0592,-93.368
CSIMO005374,116,IMSS-BIENESTAR,MONTECRISTO,16.0164,-93.0416
CSIMO005386,8,IMSS-BIENESTAR,PALESTINA,16.0514,-93.1975
CSIMO005391,116,IMSS-BIENESTAR,PUERTO RICO (MONTECRISTO DE GUERRERO),15.6647,-92.7117
CSIMO005403,8,IMSS-BIENESTAR,QUERÉTARO,15.8403,-92.7566
CSIMO005415,107,IMSS-BIENESTAR,AGRÓNOMOS MEXICANOS,16.3481,-93.5299
CSIMO005420,107,IMSS-BIENESTAR,LOS ÁNGELES (VILLAFLORES),16.2686,-93.6371
CSIMO005432,107,IMSS-BIENESTAR,BENITO JUÁREZ (VILLAFLORES),16.4268,-93.3216
CSIMO005444,107,IMSS-BIENESTAR,CUAUHTÉMOC (VILLAFLORES),16.3119,-93.2098
CSIMO005456,107,IMSS-BIENESTAR,FRANCISCO VILLA (VILLAFLORES),16.2124,-93.3363
CSIMO005461,107,IMSS-BIENESTAR,HERIBERTO JARA,16.1978,-93.4386
CSIMO005473,107,IMSS-BIENESTAR,IGNACIO ZARAGOZA (VILLAFLORES),16.3695,-93.1327
CSIMO005485,107,IMSS-BIENESTAR,JOAQUÍN MIGUEL GUTIÉRREZ,16.3692,-93.3649
CSIMO005490,107,IMSS-BIENESTAR,NUEVO MÉXICO (VILLAFLORES),16.469,-93.439
CSIMO005502,107,IMSS-BIENESTAR,TENOCHTITLÁN,16.4547,-93.3616
CSIMO005514,107,IMSS-BIENESTAR,ÚRSULO GALVÁN,16.2794,-93.4149
CSIMO005526,107,IMSS-BIENESTAR,VILLA HIDALGO (VILLAFLORES),16.3028,-93.1532
CSIMO005531,107,IMSS-BIENESTAR,GUADALUPE VICTORIA (VILLAFLORES),16.3489,-93.1389
CSIMO005543,108,IMSS-BIENESTAR,AMADO NERVO (YAJALÓN),17.2292,-92.2444
CSIMO005555,108,IMSS-BIENESTAR,LÁZARO CÁRDENAS (YAJALÓN),17.1979,-92.3814
CSIMO005560,109,IMSS-BIENESTAR,SAN LUCAS (SAN LUCAS),16.6143,-92.7171
CSIMO005572,110,IMSS-BIENESTAR,ZINACANTÁN,16.761,-92.722
CSIMO005584,110,IMSS-BIENESTAR,PASTÉ,16.7078,-92.7373
CSIMO005596,110,IMSS-BIENESTAR,ZEQUENTIC,16.7131,-92.8268
CSIMO005601,111,IMSS-BIENESTAR,SAN JUAN CANCUC,16.8906,-92.3719
CSIMO005613,111,IMSS-BIENESTAR,NICHTEEL,16.9481,-92.4286
CSIMO005625,111,IMSS-BIENESTAR,EL POZO (SAN JUAN CANCUC),16.9444,-92.3238
CSIMO006045,65,IMSS-BIENESTAR,PROFR. ROBERTO BARRIOS,17.2979,-91.8946
CSIMO006050,52,IMSS-BIENESTAR,RIO EUSEBAS,16.3439,-91.4683
CSIMO006062,34,IMSS-BIENESTAR,LOS ANGELES,15.7739,-91.9794
CSIMO006074,41,IMSS-BIENESTAR,SAN JOSÉ BELÉN,16.0647,-92.1336
CSIMS000012,3,IMSS,UMF 22 ACAPETAHUA,15.2837,-92.6895
CSIMS000024,9,IMSS,UMF 16 ARRIAGA,16.2398,-93.888
CSIMS000036,15,IMSS,UMF 12 CACAHOATAN,14.9875,-92.1662
CSIMS000041,17,IMSS,UMF 24 CINTALAPA,16.6881,-93.7197
CSIMS000053,19,IMSS,UMF 18 COMITAN,16.2496,-92.1381
CSIMS000065,29,IMSS,UMF 21 CHICOASEN,16.9646,-93.1052
CSIMS000070,32,IMSS,UMF 26 ESCUINTLA,15.3194,-92.6613
CSIMS000082,34,IMSS,UMF 27 FRONTERA,15.6607,-92.1418
CSIMS000094,40,IMSS,HGSMF 19 HUIXTLA,15.1414,-92.4601
CSIMS000106,48,IMSS,UMF 44 E.JUÁREZ,17.6055,-93.1872
CSIMS000111,51,IMSS,UMF 29 MAPASTEPEC,15.4439,-92.8951
CSIMS000123,54,IMSS,UMF 7 MAZATAN,14.8516,-92.4347
CSIMS000135,62,IMSS,UMF 42 PEÑITAS,17.4642,-93.4788
CSIMS000140,65,IMSS,UMF 45 PALENQUE,17.5261,-91.9836
CSIMS000152,68,IMSS,UMF 43 PICHUCALCO,17.5105,-93.1196
CSIMS000164,69,IMSS,UMF 33 PIJIJIAPAN,15.6841,-93.2112
CSIMS000176,74,IMSS,UMF 40 C. REFORMA,17.8651,-93.1592
CSIMS000181,78,IMSS,UMF 17 S.CRISTOBAL,16.7307,-92.6442
CSIMS000193,87,IMSS,UMF 5 CD. HIDALGO,14.6788,-92.1497
CSIMS000205,89,IMSS,HGZMF 1 TAPACHULA,14.9197,-92.2651
CSIMS000210,89,IMSS,UMF 11 TAPACHULA,14.9116,-92.2729
CSIMS000222,89,IMSS,UMF 6 F.CHAPULTEPEC,14.9365,-92.3588
CSIMS000234,123,IMSS,UMF 41 MAL PASO,17.1868,-93.6059
CSIMS000246,96,IMSS,HGSMF 15 TONALA,16.0935,-93.7612
CSIMS000251,100,IMSS,HGZ 2 TUXTLA GUTIÉRREZ,16.7573,-93.1061
CSIMS000263,100,IMSS,UMF 13 TUXTLA GUTIÉRREZ,16.7457,-93.1314
CSIMS000275,104,IMSS,UMF 4 E.STO. DOMINGO,15.0304,-92.1026
CSIMS000280,105,IMSS,UMF 14 I. PUJILTIC,16.2761,-92.4506
CSIMS000292,105,IMSS,UMF 20 ANGOSTURA,16.4044,-92.7664
CSIMS000304,107,IMSS,UMF 34 V.FLORES,16.2377,-93.2707
CSIMS000316,100,IMSS,UMF 23 TUXTLA GUTIÉRREZ,16.7457,-93.1314
CSIST000012,3,ISSSTE,UMF ACAPETAHUA,15.2852,-92.6868
CSIST000024,9,ISSSTE,UMF ARRIAGA,16.2401,-93.8877
CSIST000036,13,ISSSTE,UMF BOCHIL,16.9959,-92.8882
CSIST000041,15,ISSSTE,UMF CACAHOATÁN,14.9945,-92.1617
CSIST000053,17,ISSSTE,UMF CINTALAPA DE FIGUEROA,16.6944,-93.7142
CSIST000065,19,ISSSTE,CH COMITÁN DE DOMÍNGUEZ,16.231077,-92.136199
CSIST000070,21,ISSSTE,UMF COPAINALÁ,17.0959,-93.2129
CSIST000082,27,ISSSTE,UMF CHIAPA DE CORZO,16.7027,-93.0098
CSIST000094,34,ISSSTE,UMF FRONTERA COMALAPA,15.663,-92.1426
CSIST000106,40,ISSSTE,UMF HUIXTLA,15.1337,-92.4605
CSIST000111,46,ISSSTE,UMF JIQUIPILAS,16.6615,-93.6431
CSIST000123,51,ISSSTE,UMF MAPASTEPEC,15.4505,-92.8903
CSIST000135,57,ISSSTE,UMF MOTOZINTLA DE MENDOZA,15.3687,-92.249
CSIST000140,59,ISSSTE,UMF OCOSINGO,16.9115,-92.0928
CSIST000152,61,ISSSTE,UMF OCOZOCOAUTLA DE ESPINOSA,16.7668,-93.3793
CSIST000164,65,ISSSTE,UMF PALENQUE,17.5001,-91.9858
CSIST000176,68,ISSSTE,UMF PICHUCALCO,17.5149,-93.1157
CSIST000181,77,ISSSTE,UMF SALTO DE AGUA,17.5545,-92.3404
CSIST000193,78,ISSSTE,CH SAN CRISTÓBAL DE LAS CASAS,16.725283,-92.646497
CSIST000205,87,ISSSTE,UMF CD. HIDALGO,14.6773,-92.1512
CSIST000210,89,ISSSTE,"CH ""DR. ROBERTO NETTEL F.""| TAPACHULA",14.899338,-92.249584
CSIST000222,91,ISSSTE,UMF TAPILULA,17.2475,-93.0162
CSIST000234,96,ISSSTE,UMF TONALÁ,16.081,-93.7693
CSIST000246,100,ISSSTE,CMF TUXTLA GUTIÉRREZ,16.7495,-93.1321
CSIST000251,100,ISSSTE,"HG ""DR. BELISARIO DOMINGUEZ""| TUXTLA GUTIÉRREZ.",16.750797,-93.129676
CSIST000263,107,ISSSTE,UMF VILLA FLORES,16.2432,-93.2707
CSIST000275,108,ISSSTE,UMF YAJALÓN,17.1714,-92.3331
CSIST000391,52,ISSSTE,UMF LAS MARGARITAS,16.3115,-91.9809
CSSDN000013,100,SEDENA,HOSPITAL MILITAR REGIONAL DE TUXTLA GTZ.| CHIS.,16.747034,-93.095241
CSSMA000014,89,SEMAR,SANATORIO NAVAL DE PTO. CHIAPAS,14.921095,-92.257332
CSSMP000012,78,SMP,MA.  GABRIELA,16.738433,-92.63153
CSSMP000024,78,SMP,HOSPITAL COLONIAL,16.7386405,-92.6394236
CSSMP000036,78,SMP,SANATORIO  ORNELAS,16.7384184,-92.6422325
CSSMP000041,78,SMP,HOSPITAL DE LA CARIDAD,16.7369762,-92.6325092
CSSMP000053,78,SMP,SANATORIO DR. BONILLA,16.7316893,-92.6357968
CSSMP000065,78,SMP,SERVICIO MÉDICO DR. RIOS,16.72814,-92.654122
CSSMP000082,107,SMP,CLÍNICA SERVICIOS MÉDICOS INTEGRALES MOLINA MORALES| S.A. DE C.V.,16.23236,-93.275506
CSSMP000094,107,SMP,CLÍNICA  DR. RAUL CANCINO,16.2368569,-93.2637989
CSSMP000111,107,SMP,CENTRO MÉDICO FRAILESCANO,16.235839,-93.268173
CSSMP000123,107,SMP,CLÍNICA SAN JOSÉ,16.235185,-93.265749
CSSMP000135,19,SMP,SAN JOSÉ CLÍNICA,16.250291,-92.134709
CSSMP000152,19,SMP,SANATORIO SANTA MARGARITA,16.255103,-92.138387
CSSMP000164,19,SMP,SANATORIO ULLOA HIDALGO,16.2509221,-92.1297912
CSSMP000176,19,SMP,SANATORIO GENOVEVA 2000,16.2510888,-92.145268
CSSMP000181,19,SMP,CENTRO MÉDICO DE COMITAN,16.250337,-92.136024
CSSMP000193,19,SMP,SANATORIO FRATERNIDAD,16.249541,-92.132336
CSSMP000205,19,SMP,POLICLÍNICA DE ESPECIALIDADES MEDICAS,16.253746,-92.140752
CSSMP000210,100,SMP,SAN SEBASTIAN,16.74657,-93.127038
CSSMP000222,100,SMP,SANTA LUCIA,16.734264,-93.084179
CSSMP000234,100,SMP,SANATORIO PAREDES,16.754818,-93.124337
CSSMP000246,100,SMP,MARESDAI,16.763613,-93.153656
CSSMP000251,100,SMP,SANTA MORENA,16.757917,-93.099889
CSSMP000263,100,SMP,CENTRO METROPOLITANO,16.76061662,-93.1137432
CSSMP000275,100,SMP,CLÍNICA DE MATERNIDAD STA. CECILIA,16.7491935,-93.1598759
CSSMP000280,100,SMP,SANATORIO MUÑOA,16.75261487,-93.1138469
CSSMP000292,89,SMP,CLÍNICA HOSPITAL DEL SOCORRO,14.900861,-92.26127
CSSMP000304,89,SMP,HOSPITAL METROPOLITANO DEL SUR,14.9018208,-92.2571734
CSSMP000321,89,SMP,SANATORIO LOURDES,14.9103128,-92.2624
CSSMP000345,89,SMP,SANATORIO SOCONUSCO,14.911798,-92.262372
CSSMP000386,89,SMP,CLÍNICA BETESDA,14.92173,-92.378758
CSSMP000403,100,SMP,CLÍNICA MEDICA MATERNO INFANTIL,16.7528,-93.1167
CSSMP000415,100,SMP,POLICLÍNICA DE ESPECIALIDADES DE CHIAPAS,16.757642,-93.108965
CSSMP000420,68,SMP,DR. ENRIQUE CONTRERAS,17.513691,-93.119965
CSSMP000432,68,SMP,CLÍNICA LOZANO,17.513692,-93.119966
CSSMP000444,100,SMP,HOSPITAL GINECOLOGICO MARÍA TERESA,16.7615142,-93.119224
CSSMP000456,100,SMP,CENTRO MÉDICO ANA ISABEL,16.753423,-93.1216349
CSSMP000461,86,SMP,CLÍNICA BETHESDA,16.62565,-93.100957
CSSMP000473,100,SMP,CLÍNICA MÉDICO QUIRURGICA DR. GUIRIS| S.A. DE C.V.,16.749867,-93.094022
CSSMP000485,100,SMP,CLÍNICA BIENESTAR SOCIAL,16.744852,-93.094314
CSSMP000514,87,SMP,CLÍNICA SAN JOSÉ,14.682295,-92.150915
CSSMP000526,89,SMP,SANATORIO SANTA ISABEL,14.914297,-92.261224
CSSMP000531,59,SMP,POLICLÍNICA SAN JACINTO,16.909209,-92.089914
CSSMP000543,4,SMP,HOSPITAL SAN CARLOS,16.73102326,-92.04103653
CSSMP000555,89,SMP,CLÍNICA GUADALUPE,14.908268,-92.258137
CSSMP000572,89,SMP,CEDIS HOSPITALIZACIÓN S.A. DE C.V.,14.9134859,-92.2600923
CSSMP000584,96,SMP,CLINICA VILLA DE GUADALUPE,16.0887981,-93.7646345
CSSMP000596,69,SMP,SANATORIO ARGEL,14.9247525,-92.2549916
CSSMP000601,69,SMP,CLINICA SAN JOSE,15.680209,-93.21057
CSSMP000613,69,SMP,CLINICA DR. WALTER CHIU LARA,15.685972,-93.20737
CSSMP000630,69,SMP,SANATORIO MONSERRAT,15.6890221,-93.2066305
CSSMP000642,96,SMP,CLÍNICA SAN FRANCISCO,16.0873525,-93.753983
CSSMP000654,96,SMP,SANATORIO PRIVADO CHANTAL,16.0839248,-93.753697
CSSMP000666,96,SMP,CENTRAL MÉDICA QUIRÚRGICA,16.087189,-93.751242
CSSMP000695,100,SMP,ATENCIÓN MÉDICA DEL TRANSPORTE,,
CSSMP000700,34,SMP,CLINICA MATERNO INFANTIL CLARA LUZ,15.6588821,-92.1356972
CSSSA000045,2,SSA,H. B. C. DR. MANUEL VELASCO SUAREZ ACALA,16.556405,-92.815191
CSSSA000050,2,SSA,VILLA DE ACALA,16.559,-92.8049
CSSSA000086,3,SSA,CENTRO DE SALUD ACAPETAHUA,15.280536,-92.690452
CSSSA000091,3,SSA,BARRA DE ZACAPULCO,15.19506,-92.884743
CSSSA000103,3,SSA,EJIDO LAS MURALLAS,15.267016,-92.847315
CSSSA000173,4,SSA,BIENES COMUNALES LA LAGUNA,16.6926,-91.9519
CSSSA000243,5,SSA,GUADALUPE VICTORIA,17.3691,-92.8732
CSSSA000284,5,SSA,REFORMA Y PLANADA,17.3871,-92.8659
CSSSA000325,6,SSA,FRANCISCO I. MADERO,15.513769,-92.088463
CSSSA000354,6,SSA,PACAYAL FRONTERA,15.598,-92.041
CSSSA000371,6,SSA,RÍO GUERRERO,15.579278,-92.151047
CSSSA000383,6,SSA,20 DE NOVIEMBRE,15.562712,-92.078731
CSSSA000412,8,SSA,H. B. C. DE ÁNGEL ALBINO CORZO,15.872427,-92.717135
CSSSA000436,8,SSA,NUEVA INDEPENDENCIA,15.6725,-92.5778
CSSSA000453,9,SSA,HOSPITAL GENERAL JUÁREZ ARRIAGA,16.241433,-93.887308
CSSSA000465,9,SSA,ARRIAGA,16.2332,-93.9041
CSSSA000482,9,SSA,LA AZTECA,16.215,-93.9427
CSSSA000506,9,SSA,PESQUERÍA LA GLORIA,16.1498,-94.093
CSSSA000511,9,SSA,LÁZARO CÁRDENAS,16.2896,-93.9773
CSSSA000523,9,SSA,PESQUERÍA LA LÍNEA,16.1315,-94.0322
CSSSA000535,9,SSA,NICOLÁS BRAVO,16.2679,-93.9157
CSSSA000576,10,SSA,OJO DE AGUA CENTRO,15.4961,-92.1731
CSSSA000581,11,SSA,BELLAVISTA,15.584,-92.2464
CSSSA000610,11,SSA,NUEVO PACAYAL,15.6614,-92.3169
CSSSA000622,11,SSA,SAN JOSÉ CHICHARRAS,15.6433,-92.2066
CSSSA000634,11,SSA,LAS CHICHARRAS,15.6706,-92.2098
CSSSA000646,11,SSA,OJO DE AGUA CÁRDENAS,15.615,-92.1839
CSSSA000745,14,SSA,EL BOSQUE,17.0627,-92.7206
CSSSA000750,14,SSA,CHAVAJEVAL,17.0473,-92.6848
CSSSA000791,16,SSA,PLAYAS DE CATAZAJÁ,17.7233,-92.0112
CSSSA000820,16,SSA,C.S. VILLA FRACCIONAMIENTO EL ROSARIO,17.8055,-92.1003
CSSSA000832,17,SSA,H. B. C. DE CINTALAPA DE FIGUEROA,16.681849,-93.730611
CSSSA000861,17,SSA,FCO. I. MADERO,16.8028,-93.7571
CSSSA000873,17,SSA,LIC. GUSTAVO DÍAZ ORDAZ,,
CSSSA000885,17,SSA,CS. 1 NUEVA TENOCHTITLAN,16.4769,-94.0829
CSSSA000890,17,SSA,POMPOSO CASTELLANOS,16.5921,-93.8677
CSSSA000914,17,SSA,VISTAHERMOSA,16.52,-93.9616
CSSSA000972,17,SSA,EMILIANO ZAPATA,16.8658,-93.6849
CSSSA001001,18,SSA,LIC. BUENAVISTA MATA SANOS,17.1093,-93.0671
CSSSA001030,19,SSA,HOSPITAL GENERAL MARÍA IGNACIA GANDULFO COMITAN,16.246124,-92.129627
CSSSA001042,19,SSA,COMITÁN DE DOMÍNGUEZ,16.2503,-92.1255
CSSSA001112,19,SSA,PRIMERO DE MAYO,16.2822,-92.0299
CSSSA001170,19,SSA,STA. ROSALÍA,16.4753,-92.2478
CSSSA001182,20,SSA,NUEVA CONCORDIA,16.1179,-92.688
CSSSA001194,20,SSA,BENITO JUÁREZ,16.0443,-92.8169
CSSSA001211,20,SSA,DOLORES JALTENANGO,15.8969,-92.7783
CSSSA001223,20,SSA,GUADALUPE VICTORIA,16.0095,-92.8946
CSSSA001252,20,SSA,REFORMA,15.92,-92.6643
CSSSA001276,20,SSA,DIAMANTE DE ECHEVERRÍA,16.1124,-92.8805
CSSSA001281,20,SSA,EL ÁMBAR DE ECHEVERRÍA,16.097,-92.8329
CSSSA001322,21,SSA,COPAINALÁ,17.0945,-93.2125
CSSSA001433,23,SSA,ICALUMTIC,16.8642,-92.6584
CSSSA001445,23,SSA,JOMALHO,16.8394,-92.7187
CSSSA001450,23,SSA,RANCHO NARVÁEZ,16.7983,-92.755
CSSSA001462,23,SSA,ROMERILLO,16.7644,-92.5674
CSSSA001474,23,SSA,SACLAMANTÓN,16.7884,-92.6351
CSSSA001520,23,SSA,MAJOMUT,16.8491,-92.6594
CSSSA001532,24,SSA,CHANAL,16.6579,-92.2602
CSSSA001561,26,SSA,CHENALHÓ,16.8948,-92.6265
CSSSA001573,26,SSA,BELISARIO DOMÍNGUEZ,16.8914,-92.661
CSSSA001585,26,SSA,CHIMIX DOS,17.0139,-92.525
CSSSA001602,26,SSA,COLONIA PUEBLA,16.9159,-92.5039
CSSSA001614,26,SSA,YABTECLUM PUEBLO NUEVO,16.9396,-92.5674
CSSSA001626,27,SSA,CHIAPA DE CORZO,16.7045,-93.0131
CSSSA001631,27,SSA,RIBERA EL AMATAL,16.6361,-92.9966
CSSSA001672,27,SSA,NARCISO MENDOZA,16.5795,-92.9897
CSSSA001771,30,SSA,LA PINTA,15.7425,-92.4427
CSSSA001795,30,SSA,MONTE SINAÍ,15.6887,-92.3659
CSSSA001812,30,SSA,NUEVA GRECIA,15.8034,-92.4071
CSSSA001836,31,SSA,AURORA GRANDE,17.1336,-92.3548
CSSSA001841,31,SSA,BACHAJÓN,17.0347,-92.1814
CSSSA001911,31,SSA,JOL-SACJÚN,17.1139,-91.8571
CSSSA001940,31,SSA,MEQUEJA,16.9579,-92.2358
CSSSA001952,31,SSA,PAMAL NAVIL,17.084,-91.8028
CSSSA001976,31,SSA,PINABETAL,16.9516,-92.2525
CSSSA002010,31,SSA,JUNA SABINES VERAPAZ,17.0766,-92.3117
CSSSA002080,31,SSA,SACJÚN CUWITZ,17.1275,-91.9399
CSSSA002104,31,SSA,CURVA LIQUILWITZ,17.0999,-91.9917
CSSSA002145,31,SSA,SAN ANTONIO BULUJIB,16.9962,-92.2972
CSSSA002203,32,SSA,CENTRO DE SALUD CON HOSPITALIZACIÓN (ESCUINTLA),15.315365,-92.66268
CSSSA002244,32,SSA,SAN FELIPE TIZAPA,15.276019,-92.615968
CSSSA002256,32,SSA,EL TRIUNFO,15.351201,-92.548768
CSSSA002261,32,SSA,CENTRO DE SALUD MANACAL LLANO GRANDE,15.32358,-92.506869
CSSSA002273,33,SSA,SAN JOSÉ MASPAC,17.2964,-93.3108
CSSSA002290,33,SSA,VICENTE GUERRERO,17.2909,-93.2085
CSSSA002314,34,SSA,FRONTERA COMALAPA,15.6584,-92.1442
CSSSA002331,34,SSA,CD. CUAUHTÉMOC,15.6654,-92.0036
CSSSA002384,34,SSA,VERAPAZ,15.7107,-92.0604
CSSSA002401,35,SSA,FRONTERA HIDALGO,14.781167,-92.176886
CSSSA002430,37,SSA,HUEHUETÁN,15.017011,-92.386024
CSSSA002483,38,SSA,LÁZARO CÁRDENAS CHILIL,16.6758,-92.4891
CSSSA002500,38,SSA,SAN PEDRO PEDERNAL,16.6628,-92.3221
CSSSA002512,38,SSA,SAN PEDRO LA TEJERÍA,16.7289,-92.5097
CSSSA002524,38,SSA,YALCUC,16.6428,-92.4197
CSSSA002570,39,SSA,EL OCOTAL,17.2056,-92.7506
CSSSA002594,39,SSA,ZACATONAL DE JUÁREZ,17.2702,-92.7982
CSSSA002611,40,SSA,HOSPITAL GENERAL HUIXTLA,15.145903,-92.457536
CSSSA002623,40,SSA,CENTRO DE SALUD URBANO HUIXTLA,15.146223,-92.456534
CSSSA002664,40,SSA,JOSÉ MARÍA MORELOS Y PAVÓN,15.235875,-92.465734
CSSSA002722,41,SSA,ROSARIO BADENIA,16.2011,-91.6689
CSSSA002734,41,SSA,EMILIANO ZAPATA,16.1819,-91.9647
CSSSA002763,41,SSA,LA PATRIA,16.2317,-91.9164
CSSSA002780,42,SSA,IXHUATÁN,17.2931,-93.0089
CSSSA002816,43,SSA,IXTACOMITÁN,17.4324,-93.0989
CSSSA002862,44,SSA,IXTAPA,16.8008,-92.9011
CSSSA002956,46,SSA,JOSÉ MARÍA PINO SUÁREZ,16.5047,-93.7419
CSSSA002973,46,SSA,CENTRO DE SALUD NUEVA PALESTINA,16.4939,-93.6339
CSSSA002985,46,SSA,ANDRÉS QUINTANA ROO,16.605,-93.5605
CSSSA002990,46,SSA,TILTEPEC,16.3942,-93.868
CSSSA003026,46,SSA,BENITO JUÁREZ,16.7764,-93.6099
CSSSA003084,48,SSA,JUÁREZ,17.6093,-93.1948
CSSSA003096,48,SSA,EJIDO IGNACIO ALLENDE,17.7197,-93.3485
CSSSA003113,49,SSA,SAN ANDRÉS LARRAINZAR,16.8846,-92.7139
CSSSA003125,49,SSA,BAYALEMHO DOS,16.9322,-92.7656
CSSSA003130,49,SSA,STENLEJSOSTETIC,16.9247,-92.8213
CSSSA003171,50,SSA,LA LIBERTAD,17.6892,-91.7212
CSSSA003265,52,SSA,H. B. C. DE LAS MARGARITAS,16.320459,-91.97701
CSSSA003270,52,SSA,AMPARO AGUA TINTA,16.1353,-91.4906
CSSSA003294,52,SSA,GABRIEL LEYVA VELÁZQUEZ,16.4614,-91.836
CSSSA003306,52,SSA,IGNACIO ZARAGOZA,16.3535,-91.918
CSSSA003311,52,SSA,JALISCO,16.4303,-91.9763
CSSSA003323,52,SSA,JUSTO SIERRA,16.5439,-92.0564
CSSSA003393,52,SSA,SAN ISIDRO,16.3275,-91.6379
CSSSA003492,52,SSA,JERUSALEM,16.1746,-91.3848
CSSSA003603,53,SSA,MAZAPA DE MADERO,15.3903,-92.1878
CSSSA003615,53,SSA,GRANADOS TALCANAQUE,15.2804,-92.211
CSSSA003702,56,SSA,MITONTIC,16.8607,-92.6275
CSSSA003714,56,SSA,CHALAM,16.8872,-92.5502
CSSSA003726,57,SSA,MOTOZINTLA DE MENDOZA,15.3697,-92.2404
CSSSA003743,57,SSA,FRANCISCO I. MADERO,15.3412,-92.4207
CSSSA003755,57,SSA,SANTA ANA PINABETO,15.2131,-92.2377
CSSSA003760,57,SSA,RINCÓN DEL BOSQUE,15.3431,-92.4435
CSSSA003796,57,SSA,MIGUEL ALEMÁN,15.3642,-92.4168
CSSSA003842,59,SSA,OCOSINGO,16.9064,-92.0949
CSSSA003912,59,SSA,NAZARETH,16.9767,-91.9115
CSSSA003970,59,SSA,YAXOQUIMTELA,16.9086,-91.731
CSSSA004006,59,SSA,CONGREGACION VIRGINIA,16.8772,-92.1743
CSSSA004011,59,SSA,SANTA ELENA,16.6006,-91.4985
CSSSA004035,59,SSA,NUEVA PALESTINA,16.8191,-91.261
CSSSA004040,59,SSA,FRONTERA COROZAL,16.8142,-90.8832
CSSSA004064,59,SSA,RAMÓN F. BALBOA,16.4717,-91.4031
CSSSA004076,59,SSA,SANTO DOMINGO,17.0255,-91.4157
CSSSA004105,59,SSA,NUEVA MORELIA,16.8228,-91.9107
CSSSA004122,59,SSA,SAN JUAN RÓMULO CALZADA,16.6319,-91.6114
CSSSA004146,59,SSA,LA TRINIDAD,16.7819,-91.6195
CSSSA004163,59,SSA,CHAVARICO LAS PALMAS,16.9494,-91.8053
CSSSA004216,59,SSA,LA SOLEDAD,16.5081,-91.4475
CSSSA004250,59,SSA,PATIHUITZ,16.7386,-91.7365
CSSSA004291,61,SSA,OCOZOCOAUTLA,16.7577,-93.379
CSSSA004320,61,SSA,HERMENEGILDO GALEANA,16.5764,-93.3599
CSSSA004443,62,SSA,PLAN DE AYALA,17.474,-93.4865
CSSSA004496,64,SSA,OXCHUC,16.7846,-92.3417
CSSSA004530,64,SSA,MESBILJA,16.7989,-92.2479
CSSSA004542,64,SSA,EL NIZ,16.7075,-92.2133
CSSSA004566,64,SSA,TZONTEALJA,16.8908,-92.3177
CSSSA004583,64,SSA,GUADALUPE BACJA,16.7728,-92.2088
CSSSA004595,65,SSA,HOSPITAL GENERAL PALENQUE,17.507697,-91.988442
CSSSA004600,65,SSA,PALENQUE,17.5026,-91.9856
CSSSA004641,65,SSA,LÁZARO CÁRDENAS,17.3611,-91.5515
CSSSA004665,65,SSA,EL NARANJO,17.4602,-92.0666
CSSSA004670,65,SSA,NUEVA ESPERANZA 1ª SECCIÓN,17.6988,-92.1874
CSSSA004694,65,SSA,RÍO CHANCALÁ,17.334,-91.6836
CSSSA004723,65,SSA,SAN MARTÍN CHAMIZAL,17.2636,-91.606
CSSSA004752,65,SSA,LA UNIÓN,,
CSSSA004764,65,SSA,ROBERTO BARRIOS,17.3255,-91.9257
CSSSA004776,65,SSA,MIGUEL HIDALGO,17.5311,-91.8219
CSSSA004793,65,SSA,SATURNINO RÍOS,17.6294,-92.2007
CSSSA004810,65,SSA,CHOCOLJAITO,17.2684,-91.734
CSSSA004822,65,SSA,EBEN EZER,17.2491,-91.9885
CSSSA004834,65,SSA,NUEVA ESPERANZA PROGRESISTA,17.1083,-91.379
CSSSA004916,67,SSA,CARRIZAL,17.1606,-93.0769
CSSSA004945,68,SSA,HOSPITAL GENERAL PICHUCALCO,17.514011,-93.120601
CSSSA004950,68,SSA,PICHUCALCO,17.5147,-93.1177
CSSSA005003,68,SSA,TECTUAPAN,17.4457,-93.1588
CSSSA005015,68,SSA,IGNACIO ZARAGOZA,17.5311,-93.3199
CSSSA005032,69,SSA,LAS BRISAS,15.5165,-93.1174
CSSSA005056,69,SSA,EL CARMEN,15.577,-93.1286
CSSSA005061,69,SSA,NUEVA COAPA ECHEGARAY,15.6228,-93.1668
CSSSA005073,69,SSA,HERMENEGILDO GALEANA,15.552,-93.0079
CSSSA005085,69,SSA,JOAQUÍN AMARO (EJIDO TAMAULIPAS),15.7707,-93.4066
CSSSA005131,69,SSA,SAN ISIDRO,15.7429,-93.3531
CSSSA005155,69,SSA,EJIDO LA ESPERANZA (ZAPOTAL),15.4492,-93.1646
CSSSA005242,69,SSA,NUEVO MILENIO SANTA CRUZ,15.7426,-93.284
CSSSA005254,70,SSA,ZAPOTILLO,15.4269,-92.2853
CSSSA005266,71,SSA,VILLA COLMALTITLÁN,15.212063,-92.575288
CSSSA005341,72,SSA,PUEBLO NUEVO SOLISTAHUACÁN,17.1598,-92.8988
CSSSA005353,72,SSA,ARROYO GRANDE,17.1903,-92.8714
CSSSA005435,73,SSA,RAYÓN,17.2018,-93.0084
CSSSA005493,74,SSA,MACAYO 2A. SECCIÓN,17.9753,-93.2749
CSSSA005510,75,SSA,LAS ROSAS,16.3608,-92.3689
CSSSA005546,75,SSA,CHIPILINAR,16.3292,-92.4206
CSSSA005580,76,SSA,LOS NARANJOS,17.2641,-92.6191
CSSSA005592,76,SSA,EL PARAÍSO,17.2464,-92.5569
CSSSA005621,76,SSA,ATOYAC NAYLUM,17.3622,-92.6846
CSSSA005650,77,SSA,ARROYO PALENQUE,17.3918,-92.105
CSSSA005662,77,SSA,IGNACIO ZARAGOZA,17.4097,-92.0307
CSSSA005686,77,SSA,NUEVO MUNDO *,17.3133,-91.9644
CSSSA005720,77,SSA,RÍO JORDÁN,17.2441,-91.9346
CSSSA005732,77,SSA,VICENTE GUERRERO,17.3089,-92.0521
CSSSA005756,77,SSA,SAN PEDRO SABANA,17.3942,-92.2137
CSSSA005773,78,SSA,HOSPITAL DE LA MUJER SAN CRISTÓBAL DE LAS CASAS,16.733136,-92.636849
CSSSA005785,78,SSA,SAN CRISTÓBAL DE LAS CASAS| CHIAPAS,16.7188,-92.6407
CSSSA005814,78,SSA,MITZITÓN,16.6469,-92.5463
CSSSA005843,79,SSA,SAN FERNANDO,16.8747,-93.2083
CSSSA005901,80,SSA,SILTEPEC,15.5494,-92.3205
CSSSA005913,80,SSA,SANTO DOMINGO LA CASCADA,15.4904,-92.4014
CSSSA005942,124,SSA,EL LETRERO,15.5156,-92.4688
CSSSA005966,80,SSA,SAN ANTONIO LA PINADA,15.6151,-92.3232
CSSSA005983,119,SSA,SANTA MARÍA,15.554,-92.6366
CSSSA006140,81,SSA,EJIDO CONSTITUCIÓN,17.0741,-92.5224
CSSSA006205,82,SSA,GOLONCHÁN VIEJO,17.0317,-92.385
CSSSA006210,82,SSA,SANTA BÁRBARA,17.0325,-92.3543
CSSSA006234,82,SSA,PAMALÁ PICOTÉ,17.0611,-92.3967
CSSSA006263,83,SSA,SOCOLTENANGO,16.235,-92.3493
CSSSA006333,84,SSA,CERRO DE LAS CAMPANAS,17.3334,-92.9726
CSSSA006345,86,SSA,SUCHIAPA,16.6214,-93.1046
CSSSA006350,86,SSA,PACÚ,16.6336,-93.1332
CSSSA006362,87,SSA,CIUDAD HIDALGO,14.681148,-92.150437
CSSSA006432,89,SSA,TAPACHULA INDECO CEBADILLA,14.877881,-92.265347
CSSSA006444,89,SSA,TAPACHULA DE CÓRDOBA Y ORDÓÑEZ,14.917124,-92.260894
CSSSA006461,89,SSA,CARRILLO PUERTO,15.011142,-92.196612
CSSSA006473,89,SSA,CEBADILLA 2A. SECCIÓN,14.824125,-92.313741
CSSSA006485,89,SSA,EL EDÉN,15.06054,-92.300549
CSSSA006502,89,SSA,LLANO DE LA LIMA,14.866964,-92.298529
CSSSA006526,89,SSA,JOSÉ MARÍA MORELOS,14.786324,-92.400505
CSSSA006531,89,SSA,PUERTO MADERO,14.71259,-92.417943
CSSSA006543,89,SSA,RAYMUNDO ENRÍQUEZ,14.865684,-92.313049
CSSSA006572,89,SSA,C.S. TINAJAS 1A. SECCIÓN,14.712619,-92.33976
CSSSA006601,89,SSA,VIVA MÉXICO,14.90782,-92.327352
CSSSA006695,92,SSA,TECPATAN,17.1343,-93.3105
CSSSA006736,92,SSA,FRANCISCO I. MADERO,17.2128,-93.3914
CSSSA006741,123,SSA,GUSTAVO DÍAZ ORDAZ,17.1597,-93.4836
CSSSA006765,123,SSA,RAUDALES MALPASO,17.2177,-93.6186
CSSSA006835,93,SSA,TENEJAPA,16.8202,-92.5077
CSSSA006840,93,SSA,MATZAM,16.7881,-92.4754
CSSSA006852,93,SSA,SHISHINTONIL,16.848,-92.4799
CSSSA006876,94,SSA,TEOPISCA,16.5405,-92.4737
CSSSA006905,94,SSA,BETANIA,16.607,-92.521
CSSSA006934,95,SSA,H. B. C. DE TILA,17.313151,-92.42834
CSSSA006946,95,SSA,TILA,17.2997,-92.4277
CSSSA006951,95,SSA,ÁLVARO OBREGÓN,17.4447,-92.5471
CSSSA007004,95,SSA,USIPA,17.5014,-92.438
CSSSA007033,95,SSA,NUEVO LIMAR,17.4533,-92.3957
CSSSA007050,95,SSA,JOLJA TIONTIEPA,17.3125,-92.4865
CSSSA007062,95,SSA,WILLIS 2ª SECCIÓN,17.325587,-92.490235
CSSSA007074,96,SSA,HOSPITAL GENERAL DR. JUAN C. CORZO TONALÁ,16.089905,-93.744865
CSSSA007091,96,SSA,PUERTO ARISTA,15.9338,-93.8106
CSSSA007115,96,SSA,CABEZA DE TORO,15.9344,-93.7796
CSSSA007144,96,SSA,IGNACIO RAMÍREZ,16.1098,-93.8713
CSSSA007161,96,SSA,NOYOLA,16.0378,-93.7671
CSSSA007185,96,SSA,PUEBLO NUEVO,15.8522,-93.6546
CSSSA007226,96,SSA,EJIDO MORELOS (ESTACIÓN MOJARRAS),15.8651,-93.6327
CSSSA007260,97,SSA,TOTOLAPA,16.5429,-92.6743
CSSSA007284,98,SSA,LA TRINITARIA,16.1324,-92.0476
CSSSA007296,98,SSA,ÁLVARO OBREGÓN,16.1019,-91.8447
CSSSA007313,98,SSA,CRISTÓBAL COLÓN,15.8306,-91.8981
CSSSA007325,98,SSA,HIDALGO,16.1026,-91.7855
CSSSA007371,98,SSA,TZISCAO,16.0841,-91.6685
CSSSA007412,98,SSA,LA GLORIA,15.9639,-91.965
CSSSA007424,98,SSA,FLOR DE MAYO,15.8531,-92.0078
CSSSA007453,98,SSA,NUEVA LIBERTAD (EL COLORADO),15.8909,-92.0471
CSSSA007470,98,SSA,NUEVO LLANO GRANDE,15.8259,-91.9235
CSSSA007506,99,SSA,IGNACIO ALLENDE,17.2486,-92.1489
CSSSA007511,99,SSA,CACAHUATAL,17.3205,-92.2254
CSSSA007523,99,SSA,EMILIANO ZAPATA,17.3368,-92.2923
CSSSA007535,99,SSA,BENITO JUÁREZ,17.2577,-92.256
CSSSA007540,100,SSA,HOSPITAL REGIONAL DR. RAFAEL PASCASIO GAMBOA TUXTLA,16.745881,-93.11693
CSSSA007576,100,SSA,TUXTLA (COL. SANTA CRUZ),16.7845,-93.1091
CSSSA007581,100,SSA,BIENESTAR SOCIAL,16.7449,-93.0907
CSSSA007593,100,SSA,PLAN DE AYALA,16.7643,-93.1837
CSSSA007605,100,SSA,ALBANIA (EL VALLE),16.7728,-93.102
CSSSA007610,100,SSA,PATRIA NUEVA,16.7637,-93.0731
CSSSA007622,100,SSA,TERAN,16.753,-93.1663
CSSSA007646,100,SSA,COPOYA,16.71,-93.1227
CSSSA007651,100,SSA,EL JOBO,16.7049,-93.108
CSSSA007663,101,SSA,TUXTLA CHICO,14.939111,-92.160654
CSSSA007680,101,SSA,C.S. PRIMERA SECCIÓN DE MEDIO MONTE,14.903157,-92.204892
CSSSA007745,102,SSA,C.S. ISLAMAPA,15.068604,-92.437364
CSSSA007786,103,SSA,FELIPE ÁNGELES,16.0122,-92.2282
CSSSA007791,103,SSA,OCHUSJOB,16.2204,-92.2532
CSSSA007820,104,SSA,UNIÓN JUÁREZ,15.063052,-92.080909
CSSSA007844,105,SSA,VENUSTIANO CARRANZA,16.3397,-92.5648
CSSSA007861,105,SSA,GUADALUPE VICTORIA,16.4047,-92.5524
CSSSA007890,105,SSA,SAN FRANCISCO PUJILTIC,16.2791,-92.4526
CSSSA007902,105,SSA,LAJA TENDIDA,16.3117,-92.5485
CSSSA007914,105,SSA,PARAÍSO DEL GRIJALVA,16.2236,-92.6428
CSSSA007931,106,SSA,VILLACORZO,16.1863,-93.2712
CSSSA007943,106,SSA,SN. PEDRO BUENAVISTA,16.1411,-93.1693
CSSSA007960,121,SSA,EL PARRAL,16.3658,-93.0089
CSSSA008124,107,SSA,VILLAFLORES,16.2323,-93.267
CSSSA008136,107,SSA,CALZADA LARGA,16.3478,-93.3139
CSSSA008141,107,SSA,CRISTÓBAL OBREGÓN,16.4296,-93.4486
CSSSA008153,107,SSA,DR. DOMINGO CHANONA,16.3453,-93.4163
CSSSA008165,107,SSA,JESÚS MA. GARZA,16.3944,-93.2925
CSSSA008206,107,SSA,ROBLADA GRANDE,16.487,-93.1935
CSSSA008211,107,SSA,TIERRA Y LIBERTAD,16.2359,-93.7021
CSSSA008276,108,SSA,YAJALÓN,17.1705,-92.3354
CSSSA008375,110,SSA,CHIQUINIVALVO,16.7074,-92.8509
CSSSA008380,110,SSA,NACHING,16.7319,-92.7234
CSSSA008392,110,SSA,NAVENCHAUC,16.7353,-92.7808
CSSSA008433,111,SSA,CHILOLJÁ,16.8836,-92.424
CSSSA008445,111,SSA,CHACTÉ,16.9347,-92.3499
CSSSA008450,111,SSA,ONILTIC,16.9711,-92.436
CSSSA008503,113,SSA,NUEVO VERACRUZ,16.085,-90.7171
CSSSA008515,113,SSA,QUETZALCÓALT,16.1909,-90.4854
CSSSA008532,52,SSA,SANTA MARGARITA AGUA AZUL,,
CSSSA008590,115,SSA,BOCA DE CHAJUL,16.1174,-90.9237
CSSSA008614,115,SSA,QUIRINGUICHARO,16.4233,-90.7138
CSSSA008631,116,SSA,LAGUNA DEL COFRE,15.6266,-92.6408
CSSSA008655,116,SSA,SAN NICOLÁS PLAN DE AYUTLA,15.7178,-92.6064
CSSSA008672,27,SSA,PEDREGAL SAN ÁNGEL,16.743,-93.045
CSSSA008696,46,SSA,EMILIANO ZAPATA,16.6654,-93.651
CSSSA008701,23,SSA,BASHEQUÉM,16.8835,-92.6079
CSSSA008713,64,SSA,CHAONIL,16.8017,-92.2764
CSSSA008725,64,SSA,LELENCHIG,16.8425,-92.4313
CSSSA008824,77,SSA,TIEMOPA,17.4244,-92.197
CSSSA008870,59,SSA,SAN QUINTÍN,16.404,-91.3504
CSSSA008882,89,SSA,HOSPITAL REGIONAL DE ALTA ESPECIALIDAD CIUDAD SALUD,14.809311,-92.345595
CSSSA009051,93,SSA,TS'AKIBILJOK,16.8283,-92.4337
CSSSA009063,23,SSA,CALLEJÓN,16.8683,-92.7097
CSSSA009080,27,SSA,NUEVA PALESTINA,16.6633,-92.9739
CSSSA009092,27,SSA,FRANCISCO SARABIA,16.5555,-93.0053
CSSSA009104,46,SSA,UNIÓN AGRARISTA,16.4483,-93.648
CSSSA009121,28,SSA,CHIAPILLA,16.5683,-92.7215
CSSSA009145,61,SSA,IGNACIO ZARAGOZA,16.571,-93.3189
CSSSA009150,46,SSA,VICENTE GUERRERO,16.6314,-93.5497
CSSSA009162,100,SSA,UNIDAD DE ATENCIÓN A LA SALUD MENTAL SAN AGUSTÍN,16.682003,-93.103124
CSSSA017171,87,SSA,MIGUEL ALEMÁN,14.558858,-92.217144
CSSSA017504,70,SSA,H. B. C. DEL PORVENIR,15.453841,-92.276784
CSSSA017516,106,SSA,H. B. C. DE REVOLUCIÓN MEXICANA,16.166713,-93.079977
CSSSA017521,91,SSA,H. B. C.  DE TAPILULA,17.255878,-93.017017
CSSSA017574,74,SSA,SAN MIGUEL 1A. SECCIÓN,17.9364,-93.1694
CSSSA017586,81,SSA,LA CEIBA,17.1331,-92.5178
CSSSA017591,74,SSA,RAFAEL PASCACIO GAMBOA,17.9165,-93.2697
CSSSA017620,96,SSA,EL MANGUITO,15.7328,-93.4979
CSSSA017690,85,SSA,SOYALÓ,16.8618,-92.8934
CSSSA017702,52,SSA,NUEVO HUIXTÁN,16.1241,-91.3878
CSSSA017726,49,SSA,H. B. C. DE LARRAINZAR,16.87907163,-92.71487891
CSSSA017731,59,SSA,H. B. C. DE SANTO DOMINGO,17.0232,-91.4195
CSSSA017743,22,SSA,CENTRO DE SALUD MICROREGIONAL BALUNACO,17.0078,-92.5703
CSSSA017755,24,SSA,NATILTÓN,16.524,-92.2057
CSSSA017760,26,SSA,MAJUMPEPEN,16.9758,-92.543
CSSSA017772,26,SSA,TZAJALCHÉN,17.0403,-92.518
CSSSA017784,111,SSA,SAN JUAN CANCUC,,
CSSSA017801,110,SSA,ZINACANTÁN,16.7597,-92.7222
CSSSA017900,45,SSA,CENTRO DE SALUD MUNICIPAL IXTAPANGAJOYA,17.4958,-93.0022
CSSSA017912,84,SSA,CENTRO DE SALUD MUNICIPAL SOLOSUCHIAPA,17.4303,-93.0331
CSSSA017924,82,SSA,SITALÁ,17.0242,-92.3078
CSSSA017936,20,SSA,NUEVO PARAÍSO,15.87,-92.9492
CSSSA017970,3,SSA,LAS LAURAS,15.18095,-92.749554
CSSSA018006,54,SSA,MAZATÁN,14.872368,-92.45273
CSSSA018040,89,SSA,NUEVO MILENIO,14.891731,-92.30044
CSSSA018414,52,SSA,LAS MARGARITAS,16.3181,-91.9835
CSSSA018426,52,SSA,VERACRUZ,16.4042,-91.9994
CSSSA018431,109,SSA,CESSA SAN LUCAS,16.6141,-92.718
CSSSA018443,4,SSA,CENTRO DE SALUD MICROREGIONAL BELISARIO DOMÍNGUEZ,16.6445,-91.7419
CSSSA018460,59,SSA,CENTRO DE SALUD MICROREGIONAL YAXALA,16.8976,-91.7053
CSSSA018472,59,SSA,CENTRO DE SALUD RURAL  SAN MARTÍIN,16.9794,-91.6819
CSSSA018484,59,SSA,CENTRO DE SALUD MICROREGIONAL LA REFORMA,,
CSSSA018496,59,SSA,CENTRO DE SALUD MICROREGIONAL LOS QUINICHEZ,16.8896,-91.9702
CSSSA018501,31,SSA,CENTRO DE SALUD MICROREGIONAL EL CARMEN,17.0135,-92.0382
CSSSA018513,31,SSA,CENTRO DE SALUD MICROREGIONAL PATELNÁ,17.2022,-92.1572
CSSSA018525,31,SSA,CENTRO DE SALUD MICROREGIONAL BOLONTÓN,17.1794,-92.1308
CSSSA018530,31,SSA,CENTRO DE SALUD MICROREGIONAL CRUCERO CHICH,17.1614,-92.1225
CSSSA018542,31,SSA,CENTRO DE SALUD MICROREGIONAL EL MANGO,17.1625,-92.0603
CSSSA018554,31,SSA,CENTRO DE SALUD MICROREGIONAL GOLOLTÓN,17.0303,-92.225
CSSSA018566,31,SSA,CENTRO DE SALUD MICROREGIONAL YULUBMAX,17.0547,-92.2322
CSSSA018571,31,SSA,CENTRO DE SALUD MICROREGIONAL SAN GABRIEL,17.0503,-91.9836
CSSSA018583,57,SSA,BELISARIO DOMÍNGUEZ,15.301,-92.3766
CSSSA018641,9,SSA,VILLA DEL MAR,16.1304,-93.9582
CSSSA018653,69,SSA,CACHIMBO,15.6772,-93.2436
CSSSA018665,69,SSA,PUENTE MARGARITA,15.59,-93.06
CSSSA018670,96,SSA,LA LAGUNA,16.0022,-93.8064
CSSSA018682,96,SSA,LA POLKA,15.9568,-93.6652
CSSSA018723,89,SSA,LAS PALMERAS,14.867381,-92.275266
CSSSA018740,69,SSA,H. B. C.  DR. RAFAEL ALFARO GONZÁLEZ PIJIJIAPAN,15.671412,-93.211771
CSSSA018752,94,SSA,H. B. C. DE TEOPISCA,16.554808,-92.475661
CSSSA018764,78,SSA,HOSPITAL DE LAS CULTURAS SAN CRISTOBAL DE LAS CASAS,16.723703,-92.652269
CSSSA018776,19,SSA,HOSPITAL DE LA MUJER COMITÁN,16.207545,-92.106986
CSSSA018781,34,SSA,H. B. C. DE FRONTERA COMALAPA,15.656351,-92.143103
CSSSA018793,22,SSA,H. B. C. DE CHALCHIHUITÁN,16.95788832,-92.61990775
CSSSA018834,31,SSA,CENTRO DE SALUD MICROREGIONAL CHABAN,17.2145,-92.1225
CSSSA018846,31,SSA,CENTRO DE SALUD MICROREGIONAL MUQUENAL,17.1366,-92.1307
CSSSA018851,31,SSA,CENTRO DE SALUD MICROREGIONAL CARMEN XAQUILA,17.0715,-92.2872
CSSSA018863,31,SSA,CENTRO DE SALUD MICROREGIONAL EL EDEN,16.9791,-92.2523
CSSSA018875,107,SSA,HOSPITAL GENERAL BICENTENARIO VILLAFLORES,16.258402,-93.265141
CSSSA018880,74,SSA,CENTRO DE SALUD RURAL MACAYO 3A. SECCIÓN,17.957,-93.2743
CSSSA018892,67,SSA,CENTRO DE SALUD RURAL LAGUNA GRANDE,17.2498,-93.0667
CSSSA018904,39,SSA,CENTRO DE SALUD RURAL VILLA LUZ,17.2807,-92.7191
CSSSA018916,114,SSA,CENTRO DE SALUD RURAL NUEVA SABANILLA,16.2626,-91.2227
CSSSA018921,66,SSA,LAS LIMAS,17.1106,-92.4867
CSSSA018933,23,SSA,MACVILHO,16.8573,-92.6941
CSSSA018945,112,SSA,ICO,16.9169,-92.7122
CSSSA018950,23,SSA,CHILIMJOVELTIC,16.7882,-92.5856
CSSSA018962,103,SSA,TZIMOL,16.184,-92.1882
CSSSA019131,60,SSA,CENTRO DE SALUD MICROREGIONAL CERRO JAQUIMA,17.2375,-93.1386
CSSSA019143,33,SSA,CENTRO DE SALUD MICROREGIONAL SAN MIGUEL LA SARDINA,17.2946,-93.3528
CSSSA019155,60,SSA,CENTRO DE SALUD MICROREGIONAL SAN JOSÉ PLAN OCOTAL,17.2041,-93.1825
CSSSA019184,26,SSA,CENTRO DE SALUD MICROREGIONAL LA LIBERTAD,16.9052,-92.566
CSSSA019196,64,SSA,CENTRO DE SALUD MICROREGIONAL PASHTONTICJA,16.7716,-92.2802
CSSSA019201,23,SSA,CENTRO DE SALUD MICROREGIONAL YUT BASH UNO,16.8097,-92.6353
CSSSA019213,26,SSA,CENTRO DE SALUD MICROREGIONAL CHIMTIC,16.9237,-92.6017
CSSSA019225,26,SSA,CENTRO DE SALUD MICROREGIONAL CHIXILTÓN,16.9219,-92.6171
CSSSA019230,6,SSA,CENTRO DE SALUD MICROREGIONAL NUEVA MORELIA,15.6181,-92.1461
CSSSA019242,62,SSA,H. B. C. DE OSTUACÁN,17.407516,-93.335205
CSSSA019254,111,SSA,CENTRO DE SALUD MICROREGIONAL YASHNAIL,16.8617,-92.3931
CSSSA019266,111,SSA,CENTRO DE SALUD MICROREGIONAL BAPUZ,16.942,-92.3824
CSSSA019271,111,SSA,CENTRO DE SALUD MICROREGIONAL TZULUWITZ,16.8876,-92.4024
CSSSA019283,111,SSA,CENTRO DE SALUD MICROREGIONAL CHILOLJA,16.8853,-92.4255
CSSSA019300,38,SSA,CENTRO DE SALUD MICROREGIONAL SAN ANDRES PUERTO RICO,16.6989,-92.4027
CSSSA019312,38,SSA,CENTRO DE SALUD MICROREGIONAL SANTA ROSA,16.6915,-92.3157
CSSSA019324,26,SSA,CENTRO DE SALUD MICROREGIONAL YIBELJOJ,16.958,-92.5042
CSSSA019336,93,SSA,CENTRO DE SALUD MICROREGIONAL CAÑADA GRANDE,16.8175,-92.5232
CSSSA019341,26,SSA,CENTRO DE SALUD MICROREGIONAL MAJOMUT,16.9723,-92.5236
CSSSA019353,24,SSA,CENTRO DE SALUD SIBERIA,16.6176,-92.2926
CSSSA019365,64,SSA,CENTRO DE SALUD MICROREGIONAL CHULNA,16.7851,-92.1798
CSSSA019370,64,SSA,CENTRO DE SALUD MICROREGIONAL TZOPILJA,16.741,-92.3084
CSSSA019382,23,SSA,CENTRO DE SALUD MICROREGIONAL TZAJALCHÉN,16.8394,-92.6449
CSSSA019394,23,SSA,CENTRO DE SALUD MICROREGIONAL CATISHTIC,16.7809,-92.7342
CSSSA019406,23,SSA,CENTRO DE SALUD MICROREGIONAL JOLBON,16.8263,-92.6315
CSSSA019411,23,SSA,CENTRO DE SALUD MICROREGIONAL LAS MINAS,16.8145,-92.6662
CSSSA019423,23,SSA,CENTRO DE SALUD MICROREGIONAL PAJALTÓN ALTO,16.8289,-92.5719
CSSSA019435,110,SSA,CENTRO DE SALUD MICROREGIONAL PINAR SALINAS,16.7652,-92.7591
CSSSA019440,66,SSA,CENTRO DE SALUD MICROREGIONAL SAN JOAQUIN,17.023,-92.4405
CSSSA019452,64,SSA,CENTRO DE SALUD MICROREGIONAL TOLBILJA,16.8421,-92.2905
CSSSA019464,26,SSA,CENTRO DE SALUD MICROREGIONAL  ZANEMBOLOM,17.0492,-92.5075
CSSSA019481,23,SSA,H. B. C. DE SAN JUAN CHAMULA,16.782468,-92.69619
CSSSA019493,118,SSA,SANTIAGO EL PINAR,16.9396,-92.7145
CSSSA019522,112,SSA,ALDAMA,16.9189,-92.6871
CSSSA019563,45,SSA,CENTRO DE SALUD MICROREGIONAL LLANOS DE MORELOS 2A. SECCIÓN,17.4765,-92.9549
CSSSA019575,84,SSA,CENTRO DE SALUD MICROREGIONAL NUEVO SAN ANTONIO,17.4039,-92.9981
CSSSA019580,62,SSA,CENTRO DE SALUD MICROREGIONAL PEÑITAS EL MICO,17.4518,-93.4129
CSSSA019592,117,SSA,CENTRO DE SALUD MICROREGIONAL RIVERA GALEANA,17.1216,-92.7651
CSSSA019604,5,SSA,CENTRO DE SALUD MICROREGIONAL SAN LORENZO,17.3774,-92.9197
CSSSA019633,33,SSA,CENTRO DE SALUD MICROREGIONAL RIVERA EL VIEJO CARMEN,17.2872,-93.2779
CSSSA019645,59,SSA,H. B. C. DE OCOSINGO,16.896883,-92.063021
CSSSA019686,114,SSA,CENTRO DE SALUD MICROREGIONAL SANTO DOMINGO LAS PALMAS,16.135,-91.3236
CSSSA019691,31,SSA,CENTRO DE SALUD MICROREGIONAL TACUBA NUEVA,17.0923,-92.3718
CSSSA019703,31,SSA,CENTRO DE SALUD MICROREGIONAL JOL HIC´BATIL,17.1343,-92.0111
CSSSA019715,31,SSA,CENTRO DE SALUD MICROREGIONAL CACATEEL,17.0624,-92.0135
CSSSA019720,31,SSA,CENTRO DE SALUD MICROREGIONAL SULUPHUITZ,17.1972,-92.2141
CSSSA019732,31,SSA,CENTRO DE SALUD MICROREGIONAL TZASIBILTIC,17.1476,-92.2895
CSSSA019744,31,SSA,CENTRO DE SALUD MICROREGIONAL FILADELFIA,17.1248,-92.2673
CSSSA019756,31,SSA,CENTRO DE SALUD MICROREGIONAL XAXAJATIC,17.1505,-92.1575
CSSSA019761,31,SSA,CENTRO DE SALUD MICROREGIONAL SAN ANTONIO LAS PALOMAS,17.0965,-92.2309
CSSSA019773,31,SSA,CENTRO DE SALUD MICROREGIONAL CAMPO BOLONTINÁ,17.1211,-92.0869
CSSSA019785,31,SSA,CENTRO DE SALUD MICROREGIONAL MAPIL,17.0441,-91.8694
CSSSA019790,31,SSA,CENTRO DE SALUD MICROREGIONAL RAMOSIL (TZAJALNABIL),17.1158,-92.0603
CSSSA019814,82,SSA,CENTRO DE SALUD MICROREGIONAL SANTA ISABEL,17.0246,-92.3667
CSSSA019826,82,SSA,CENTRO DE SALUD MICROREGIONAL LA UNIÓN,17.0133,-92.3667
CSSSA019831,77,SSA,CENTRO DE SALUD MICROREGIONAL ARROYO AGUA AZUL (MIRAFLORES),17.3868,-92.3194
CSSSA019843,77,SSA,CENTRO DE SALUD MICROREGIONAL CHUCHUCLUMIL,17.3943,-92.2785
CSSSA019855,77,SSA,CENTRO DE SALUD MICROREGIONAL EL PROGRESO,17.4112,-92.374
CSSSA019860,77,SSA,CENTRO DE SALUD MICROREGIONAL TIENTIUL GRANDE 2A. SECCIÓN (AGUA POTABLE),17.3865,-92.2522
CSSSA019872,99,SSA,CENTRO DE SALUD MICROREGIONAL CUCTIEPA,17.3083,-92.1768
CSSSA019884,99,SSA,CENTRO DE SALUD MICROREGIONAL ARROYO AGUA AZUL,17.2557,-92.1336
CSSSA019896,115,SSA,CENTRO DE SALUD MICROREGIONAL AMÉRICA LIBRE,16.2196,-90.7397
CSSSA019901,115,SSA,CENTRO DE SALUD MICROREGIONAL  LIC. ADOLFO LÓPEZ MATEOS,16.2184,-90.8438
CSSSA019913,115,SSA,CENTRO DE SALUD MICROREGIONAL EMILIANO ZAPATA,16.2921,-90.623
CSSSA019925,59,SSA,CENTRO DE SALUD MICROREGIONAL EL IXCÁN,16.0887,-91.095
CSSSA019930,12,SSA,CENTRO DE SALUD MICROREGIONAL LAS MARAVILLAS,16.9588,-93.3201
CSSSA019942,64,SSA,CENTRO DE SALUD MICROREGIONAL  EL RETIRO,16.7967,-92.3621
CSSSA019954,100,SSA,HOSPITAL CHIAPAS NOS UNE DR. JESUS GILBERTO GOMEZ MAZA,16.7484597,-93.0727995
CSSSA019966,112,SSA,CENTRO DE SALUD MICROREGIONAL REVOLUCIÓN FIU,16.8989,-92.6782
CSSSA019971,22,SSA,CENTRO DE SALUD MICROREGIONAL TZUNUNIL,17.056,-92.6018
CSSSA019983,115,SSA,ZAMORA PICO DE ORO,16.335,-90.7642
CSSSA020041,67,SSA,CENTRO DE SALUD MICROREGIONAL PANTEPEC,,
CSSSA020065,95,SSA,CENTRO DE SALUD MICROREGIONAL JOLJÁ,,
CSSSA020082,26,SSA,CENTRO DE SALUD MICROREGIONAL YIBELJOJ,,
CSSSA020094,111,SSA,CENTRO DE SALUD MICROREGIONAL CRUSILJÁ,,
CSSSA020106,39,SSA,CENTRO DE SALUD MICROREGIONAL RAMOS CUBILETE,,
CSSSA020111,67,SSA,CENTRO DE SALUD MICROREGIONAL SAN ISIDRO LAS BANDERAS,,
CSSSA020123,26,SSA,CENTRO DE SALUD MICROREGIONAL JOLXIC,,
CSSSA020152,74,SSA,CENTRO DE SALUD MIGUEL ALDAMA,,
CSSSA020193,42,SSA,IXHUATÁN,,
CSSMP000712,100,SMP,CLINICA MORENO DE CHIAPAS S. A. DE C.V.,16.756155,-93.106053
CSSMP000724,100,SMP,CLINICA MEDICA PENSIL,16.74093,-93.093192
CSSMP000736,100,SMP,CENTRO REGIONAL ESPECIALIZADO EN MEDICINA REPRODUCTIVA Y CIRUGIA ENDOSCOPICA AVANZADA,16.763559,-93.157849
CSSMP000741,100,SMP,SANATORIO ROJAS|  S. A. DE C. V.,16.753309,-93.129012
CSSMP000753,100,SMP,CLINICA SANTA ROSA,16.747928,-93.119085
CSSMP000765,100,SMP,CLINICA SAN FRANCISCO,16.740886,-93.117543
CSSMP000770,100,SMP,SANATORIO ARANDA GONZÁLES S. A. DE C. V.,16.746572,-93.08371
CSSMP000782,100,SMP,SANATORIO LA DIVINA PROVIDENCIA,16.742432,-93.120657
CSSMP000794,100,SMP,UNIDAD MEDICA 24 HRS. CORAZÓN DE MARÍA,16.764545,-93.129546
CSSMP000811,100,SMP,CLINICA MEDICA MALIBU TERAN S.A. DE C.V.,16.747491,-93.160435
CSSMP000823,100,SMP,SANATORIO MATERNIDAD ALBANIA,16.7715388,-93.1069274
CSSSA020205,49,SSA,CENTRO DE SALUD MICROREGIONAL MUCTAHUITZ,,
CSSSA012694,46,SSA,CENTRO DE SALUD MICROREGIONAL CRISTOBAL COLON,,
CSSSA012703,18,SSA,COAPILLA,,
CSSSA012712,97,SSA,CENTRO DE SALUD MICROREGIONAL PONCIANO ARRIAGA,,
CSSMP000835,100,SMP,INSTITUTO CARDIOVASCULAR METROPOLITANO DE TUXTLA|  S. A. DE C. V.,16.760107,-93.114526
CSIMS000330,100,IMSS,UMF 25 TUXTLA GUTIÉRREZ,,
CSIMO006083,59,IMSS-BIENESTAR,LAS TAZAS,16.757784,-91.612211
CSSSA012970,6,SSA,CENTRO DE SALUD POTRERILLO,15.630281,-92.018419
CSSMP000853,107,SMP,CLINICA DR. FARRERA GRAJALES,16.23087503,-93.27850044
CSSSA012985,57,SSA,CENTRO DE SALUD VILLA HERMOSA,,
CSIMO006092,59,IMSS-BIENESTAR,DAMASCO,17.164444,-91.601389
CSIMO006101,95,IMSS-BIENESTAR,EL LIMAR,17.414722,-92.403056
CSIMO006110,70,IMSS-BIENESTAR,EL PORVENIR DE VELASCO SUÁREZ,15.455556,-92.280556
CSIMO006125,59,IMSS-BIENESTAR,NUEVO MONTE LÍBANO,16.9,-91.625
CSIMO006134,52,IMSS-BIENESTAR,NUEVO SAN JUAN CHAMULA (EL PACAYAL),16.145556,-91.444722
CSIMO006143,34,IMSS-BIENESTAR,PASO HONDO,15.681944,-92.017778
CSIMO006152,89,IMSS-BIENESTAR,PAVENCUL,15.201507,-92.177344
CSIMO006161,73,IMSS-BIENESTAR,RAYON,17.200833,-93.011667
CSSSA012994,78,SSA,CENTRO DE SALUD SAN CRISTOBAL DE LAS CASAS,16.7527,-92.6561
CSSMP000871,89,SMP,HOSPITAL SANTA FE DEL SOCONUSCO,14.894634,-92.24987
CSSSA013105,96,SSA,CENTRO DE SALUD RURAL RANCHERIA EL CONGRESO,16.050698,-93.790625
CSSSA009174,96,SSA,CENTRO DE SALUD URBANO DE TONALÁ,16.09191079,-93.76903217
CSIMO006284,17,IMSS-BIENESTAR,UNIDAD MEDICA RURAL ADOLFO LOPEZ MATEOS,16.880269,-93.713397
CSSSA009186,74,SSA,HOSPITAL GENERAL DE REFORMA,17.853476,-93.15718
CSSSA009191,17,SSA,CENTRO DE SALUD CINTALAPA,16.674871,-93.737113
CSSMP002206,89,SMP,CENTRO CHIAPANECO DEL RIÑON S.A. DE C. V.,14.913611,-92.26
CSIMO006296,23,IMSS-BIENESTAR,UNIDAD MEDICA RURAL NICHNAMTIC,16.7493,-92.540547
CSSSA009203,12,SSA,"HOSPITAL BÁSICO COMUNITARIO 12 CAMAS ""BERRIOZABAL""",16.807813,-93.279999
CSIMO002830,59,IMSS-BIENESTAR,UNIDAD MEDICA RURAL LACANJÁ CHANSAYAB,16.761969,-91.129642
CSSSA020181,41,SSA,CENTRO DE SALUD CON SERVICIOS AMPLIADOS LA INDEPENDENCIA,16.250093,-92.028327
CSSSA008894,100,SSA,HOSPITAL DE ESPECIALIDADES PEDIÁTRICAS,16.75102,-93.078108
CSSMP002211,100,SMP,CENTRO CHIAPANECO DEL RIÑON S. A. DE C. V.,16.753056,-93.128889
CSSMP002235,59,SMP,SANATORIO DAMAS GONZALEZ,16.910686,-92.086067
CSSSA009215,100,SSA,CENTRO DE SALUD TUXTLA GUTIERREZ|  CHIAPAS,16.746977,-93.072583
CSSMP002240,89,SMP,CLÍNICA DE UROLOGÍA DE LA COSTA DE CHIAPAS| S.A. DE C. V.,14.913549,-92.25941
CSSSA009220,8,SSA,CENTRO DE SALUD JALTENANGO DE LA PAZ,15.872922,-92.717772
CSSSA009232,108,SSA,"HOSPITAL GENERAL YAJALÓN ""DR. JOSE MANUEL VELASCO SILES""",17.178397,-92.33807
CSSMP002433,107,SMP,KALEMS MEDICAL CENTER ,16.2360084,-93.2729967
CSSMP002445,100,SMP,CONSULTORIO DE MEDICINA GENERAL,16.748542,-93.103421
CSSSA009244,89,SSA,HOSPITAL GENERAL TAPACHULA,14.8425272,-92.318996
CSIMO006383,52,IMSS-BIENESTAR,UNIDAD MEDICA RURAL ABSALON CASTELLANOS DOMINGUEZ,16.533321,-91.799923
CSSMP002194,100,SMP,SAN LUCAS CARDIOLÓGICA DEL SURESTE S. A. DE C. V.,16.723508,-93.108034
CSSMP002532,78,SMP,HOSPITAL Y CENTRO MÉDICO SAN CRISTOBAL,16.708526,-92.644357
CSSSA009261,75,SSA,HOSPITAL BÁSICO COMUNITARIO LAS ROSAS,16.365531,-92.377345
CSSSA009290,58,SSA,CENTRO DE SALUD CON SERVICIOS AMPLIADOS DR MANUEL VELASCO SUAREZ| NICOLAS RUIZ|  CHIAPAS,16.4339471,-92.584672
CSSSA009302,76,SSA,SABANILLA,17.28598,-92.553901
CSSSA009326,47,SSA,CENTRO DE SALUD CON SERVICIOS AMPLIADOS JITOTOL|  CHIAPAS,17.0700671,-92.865887
CSSSA009331,15,SSA,CENTRO DE SALUD CON SERVICIOS AMPLIADOS CACAHOATAN “DR MANUEL VELASCO SUAREZ”,14.998848,-92.160528
CSSSA009343,30,SSA,CENTRO DE SALUD CON SERVICIOS AMPLIADOS CHICOMUSELO,15.743844,-92.283468
CSSSA009355,39,SSA,CESSA HUITIUPAN,17.174464,-92.680672
CSSSA019476,64,SSA,HOSPITAL BÁSICO COMUNITARIO DE OXCHUC,16.790454,-92.343531
CSSSA009360,60,SSA,"CENTRO DE SALUD CON SERVICIOS AMPLIADOS OCOTEPEC ""DR MANUEL VELASCO SUAREZ""",17.215259,-93.145047
CSSMP002544,100,SMP,CONSULTORIO MEDICO,16.752399,-93.109939
CSSSA009372,77,SSA,SANTA MARIA,17.3518247,-92.07055
CSSSA009384,25,SSA,CESSA DR. MANUEL VELASCO SUAREZ,17.342092,-93.128936
CSSSA009396,38,SSA,CENTRO DE SALUD CON SERVICIOS AMPLIADOS DR MANUEL VELASCO SUAREZ,16.711919,-92.456116
CSSSA009401,69,SSA,CENTRO DE SALUD CON SERVICIOS AMPLIADO JOAQUIN MIGUEZ GUTIERREZ,15.546364,-93.090553
CSSSA009413,66,SSA,CENTRO DE SALUD CON SERVICIOS AMPLIADOS PANTELHO  DR MANUEL VELASCO SUAREZ,17.008665,-92.480261
CSSSA019674,31,SSA,CENTRO DE SALUD CON SERVICIOS AMPLIADOS DR. MANUEL VELASCO SUAREZ|  CHILÓN,17.1031848,-92.267281
CSSSA019650,59,SSA,CENTRO DE SALUD MICROREGIONAL TOMAS MUNZER,16.788833,-92.150109
CSSSA005645,77,SSA,HOSPITAL BÁSICO COMUNITARIO SALTO DE AGUA,17.552807,-92.338727
CSSSA009425,96,SSA,CENTRO DE SALUD RURAL PAREDON,16.050817,-93.867778
CSSSA009314,99,SSA,CENTRO DE SALUD CON SERVICIOS AMPLIADOS DR. MANUEL VELASCO SUAREZ|  TUMBALA|  CHIAPAS,17.2818925,-92.316772
CSSSA009285,81,SSA,CENTRO DE SALUD LA PIMIENTA,17.140879,-92.76191
CSIMO006395,23,IMSS-BIENESTAR,UNIDAD MEDICA RURAL TENTIC,16.862354,-92.683432
CSSSA009273,27,SSA,HOSPITAL BASICO COMUNITARIO DE CHIAPA DE CORZO,16.720225,-93.012051
CSSSA009256,81,SSA,HOSPITAL BASICO COMUNITARIO SIMOJOVEL,17.134392,-92.719602
CSSSA005464,74,SSA,CENTRO DE SALUD URBANO REFORMA| CHIAPAS,17.862547,-93.150704
CSSMP000140,19,SMP,CLINICA SANTA FE ,16.253419,-92.139425
CSSSA009430,23,SSA,CENTRO DE SALUD CRUZTÓN,16.759241,-92.576092
CSSSA005020,69,SSA,CENTRO DE SALUD URBANO PIJIJIAPAN,15.6926825,-93.210628
CSSSA006094,81,SSA,CENTRO DE SALUD SIMOJOVEL| CHIAPAS,17.138942,-92.708656
CSIMS000362,89,IMSS,HOSPITAL GENERAL DE ZONA 1 TAPACHULA,14.911,-92.2753
CSSSA020070,114,SSA,CENTRO DE SALUD MARAVILLA TENEJAPA,16.147107,-91.294892
CSSMP002556,89,SMP,MEDICA SAN ÁNGEL HOSPITAL DE ESPECIALIDADES,14.90313,-92.259625
CSSMP002561,100,SMP,MEDICA MAVEL,16.74869,-93.105286
CSSME000100,89,SME,CLINICA DE ATENCION RESPIRATORIA COVID-19 TAPACHULA,14.892611,-92.265889
CSSSA019510,65,SSA,CLINICA DE ATENCION RESPIRATORIA COVID-19 PALENQUE,17.507543,-91.987503
CSSSA009466,68,SSA,CLINICA DE ATENCION RESPIRATORIA COVID-19 PICHUCALCO,17.517933,-93.12053
CSSSA009471,100,SSA,CLINICA DE ATENCION RESPIRATORIA COVID-19 TUXTLA,16.751402,-93.080869
CSSSA009483,78,SSA,CLINICA DE ATENCION RESPIRATORIA COVID-19 SAN CRISTOBAL DE LAS CASAS,16.71077,-92.629586
CSSSA009500,107,SSA,CLINICA DE ATENCION RESPIRATORIA COVID-19 VILLAFLORES,16.258598,-93.266146
CSSSA009495,74,SSA,CLINICA DE ATENCION RESPIRATORIA COVID-19 REFORMA,17.853727,-93.157391
CSSSA019534,100,SSA,CLINICA DE ATENCION RESPIRATORIA COVID-19 UNEME PASCASIO,16.745103,-93.116798
CSSSA009512,96,SSA,CLINICA DE ATENCION RESPIRATORIA COVID-19 TONALA,16.0914707,-93.7695977
CSSMP000106,107,SMP,SERVICIOS MÉDICOS SANTA CATARINA S. A. DE C. V.,16.22722,-93.27483
CSSSA003200,51,SSA,MAPASTEPEC,15.439477,-92.894475
CSSSA009536,112,SSA,CENTRO DE SALUD SAN PEDRO COTZILNAM,16.937856,-92.703182
CSSSA009541,5,SSA,HOSPITAL BÁSICO COMUNITARIO DE AMATÁN,17.37796,-92.811238
CSSSA000651,12,SSA,CENTRO DE SALUD URBANO BERRIOZABAL,16.7977591,-93.2662795
CSSSA002932,46,SSA,CENTRO DE SALUD JIQUIPILAS,16.675506,-93.6442306
CSIMS000374,89,IMSS,UNIAD DE MEDICINA FAMILIAR  NO. 1 TAPACHULA,14.9207524,-92.266316
CSSME000182,13,SME,SUBCOORDINACION MEDICA DE BOCHIL,16.9957505,-92.8892574
CSSMP000391,12,SMP,"CLINICA MEDICA ""DR. FIDENCIO CASTAÑÓN REYES""",16.799377,-93.270963
CSSMP002585,78,SMP,ACACIAS MEDICAL CENTER,16.730856,-92.639115
CSSMP002602,89,SMP,CLINICA LAS FLORES,14.88307,-92.269109
CSSMP002614,100,SMP,CLINICA SAN MARCOS,16.7492507,-93.1675154
CSSMP002783,19,SMP,ESPAZIO PEDIATRICO,16.250549,-92.140339
CSSMP002795,61,SMP,CLINICA SAN PEDRO,16.759359,-93.374348
CSSMP002800,100,SMP,SANATORIO SANTA SOFIA,16.74662,-93.1211
CSIMO006400,93,IMSS-BIENESTAR,KOTOLTE,16.865325,-92.462254
CSSSA009565,26,SSA,CENTRO DE SALUD LAS LIMAS,16.948023,-92.595265
CSSSA018093,62,SSA,CENTRO DE SALUD NUEVO JUAN DEL GRIJALVA,17.4272,-93.3722
CSSMP002906,100,SMP,CENTRO MEDICO SION S.A  DE C.V,16.749818,-93.0982297
CSSMP002911,100,SMP,HOSPITAL SAN EDUARDO S.A. DE C.V.,16.7490678,-93.1265231
CSSMP002976,100,SMP,CLINICA DE ESPECIALIDADES MONTREAL| S. A. DE C. V.,16.76509,-93.084885
CSSMP002981,100,SMP,CENTRO MEDICO INTEGRAL Y HOSPITALARIO CASO| S.A. DE C.V.,16.746228,-93.07261
CSSMP002993,100,SMP,UNIDAD MEDICA Y DE DIAGNOSTICO,16.758129,-93.1348501
CSSSA009635,100,SSA,CLÍNICA PARA LA ATENCIÓN DE PARTO HUMANIZADO,16.750999,-93.079226
CSSSA009640,40,SSA,CLINICA DE LA MUJER Y PARTO HUMANIZADO,15.14819,-92.47624
CSSMP000625,69,SMP,CLINICA SAN MARTIN,15.6831051,-93.2096862
CSSSA009652,78,SSA,C.S. NAPITE,16.556723,-92.368708
CSSSA000033,1,SSA,LAS BRISAS,15.341651,-92.680193
CSSSA006415,89,SSA,TAPACHULA SANTA CLARA,14.880155,-92.250473
CSSSA006420,89,SSA,VILLA DE LAS FLORES (TAPACHULA),14.883698,-92.272206
CSSSA006456,89,SSA,ÁLVARO OBREGÓN,14.919719,-92.378679
CSSSA019616,5,SSA,CENTRO DE SALUD FRANCISCO I. MADERO,17.440841,-92.915815
CSSSA019621,5,SSA,CENTRO DE SALUD LA ESPERANZA,17.313986,-92.801948
CSSMP003063,57,SMP,SANATORIO MORALES,15.36595,-92.24907
CSSMP003075,100,SMP,CLINICA SANTA FE,16.7502633,-93.1274492
CSSMP003080,100,SMP,HOSPITAL MANZUR,16.760188,-93.10932
CSSMP003116,100,SMP,CLINICA DEL VALLE,16.7731553,-93.1001992
CSIMO001326,31,IMSS-BIENESTAR,TZAJALÁ,17.135075,-92.397
CSIMO001850,41,IMSS-BIENESTAR,BUENAVISTA (LA INDEPENDENCIA),16.24488746,-91.98780214
CSIMO002895,59,IMSS-BIENESTAR,SAN JACINTO,16.811601,-91.689841
CSIMO006226,8,IMSS-BIENESTAR,UNIDAD MEDICA RURAL CIUDAD RURAL JALTENANGO DE LA PAZ,15.88432195,-92.70684785
CSSMP003121,100,SMP,SERVICIO HOSPITALARIO ARBOLEDAS S. A. DE C. V.,16.75903,-93.13135
CSSME000194,40,SME,SUBCOORDINACIÓN MEDICA HUIXTLA,15.1381351,-92.4663782
CSSME000206,108,SME,SUBCOORDINACIÓN MEDICA YAJALON,17.1655509,-92.3260546
CSSME000211,34,SME,SUBCOORDINACIÓN MÉDICA FRONTERA COMALAPA,15.6604203,-92.142576
CSSME000223,69,SME,SUBCOORDINACIÓN MÉDICA PIJIJIPAN,15.678161,-93.213008
CSSME000235,57,SME,SUBCOORDINACIÓN MEDICA MOTOZINTLA,15.367702,-92.250374
CSSME000240,81,SME,SUBCOORDINACIÓN MÉDICA SIMOJOVEL,17.1384998,-92.708896
CSSMP003145,100,SMP,SERVICIOS DE SALUD TUXTLA| S. C.,16.7578364,-93.1133547
