clues,catalogo_municipio_id,municipio,clave_institucion,descripcion,latitud,longitud
CSCRO000032,89,089,CRO,CRUZ ROJA MEXICANA| DELEGACIÓN LOCAL EN TAPACHULA,14.904837,-92.258139,
CSIMO000013,1,001,IMSS-BIENESTAR,ACACOYAGUA,15.341900,-92.676100,
CSIMO000025,1,001,IMSS-BIENESTAR,LOS CACAOS,15.389200,-92.656600,
CSIMO000030,1,001,IMSS-BIENESTAR,LAS GOLONDRINAS,15.433900,-92.651500,
CSIMO000042,1,001,IMSS-BIENESTAR,HIDALGO (ACACOYAGUA),15.347600,-92.742400,
CSIMO000054,1,001,IMSS-BIENESTAR,NUEVA LIBERTAD (ACACOYAGUA),15.406200,-92.706000,
CSIMO000066,2,002,IMSS-BIENESTAR,ADOLFO LÓPEZ MATEOS (ACALA),16.610900,-92.893600,
CSIMO000071,2,002,IMSS-BIENESTAR,UNIÓN BUENAVISTA (ACALA),16.485400,-92.817200,
CSIMO000083,122,123,IMSS-BIENESTAR,20 DE NOVIEMBRE (ACALA),16.540900,-92.895800,
CSIMO000095,122,123,IMSS-BIENESTAR,NUEVO VICENTE GUERRERO (EL CHICHONAL),16.485600,-92.870700,
CSIMO000100,3,003,IMSS-BIENESTAR,COLOMBIA,15.234400,-92.656400,
CSIMO000112,3,003,IMSS-BIENESTAR,CONSUELO ULAPA,15.384500,-92.793500,
CSIMO000124,3,003,IMSS-BIENESTAR,LUIS ESPINOZA (ACAPETAHUA),15.189900,-92.691200,
CSIMO000136,3,003,IMSS-BIENESTAR,MARIANO MATAMOROS,15.254700,-92.741900,
CSIMO000141,3,003,IMSS-BIENESTAR,LA PALMA (ACAPETAHUA),15.172100,-92.837200,
CSIMO000153,3,003,IMSS-BIENESTAR,SOCONUSCO,15.316200,-92.726200,
CSIMO000165,3,003,IMSS-BIENESTAR,VEINTE DE ABRIL,15.276600,-92.792700,
CSIMO000170,4,004,IMSS-BIENESTAR,ALTAMIRANO,16.720231,-92.043128,
CSIMO000182,4,004,IMSS-BIENESTAR,LUIS ESPINOZA (ALTAMIRANO),16.587300,-91.622800,
CSIMO000194,4,004,IMSS-BIENESTAR,PUEBLA VIEJO,16.649400,-91.949500,
CSIMO000206,4,004,IMSS-BIENESTAR,PUERTO RICO (ALTAMIRANO),16.606700,-91.877100,
CSIMO000211,4,004,IMSS-BIENESTAR,VENUSTIANO CARRANZA (ALTAMIRANO),16.668800,-91.816800,
CSIMO000223,5,005,IMSS-BIENESTAR,AMATÁN (AMATÁN),17.373600,-92.818600,
CSIMO000235,5,005,IMSS-BIENESTAR,SAN ANTONIO TRES PICOS (TRES PICOS MONTAÑA),17.323900,-92.861100,
CSIMO000240,6,006,IMSS-BIENESTAR,AMATENANGO DE LA FRONTERA,15.434300,-92.115100,
CSIMO000252,6,006,IMSS-BIENESTAR,GUADALUPE VICTORIA (AMATENANGO DE LA FRONTERA),15.605300,-92.063200,
CSIMO000264,6,006,IMSS-BIENESTAR,MONTE ORDÓÑEZ,15.561600,-92.171500,
CSIMO000276,6,006,IMSS-BIENESTAR,NUEVO AMATENANGO,15.506700,-92.108600,
CSIMO000281,6,006,IMSS-BIENESTAR,PACAYALITO,15.595100,-92.093200,
CSIMO000293,7,007,IMSS-BIENESTAR,AMATENANGO DEL VALLE,16.523500,-92.437900,
CSIMO000305,7,007,IMSS-BIENESTAR,CRUZ QUEMADA,16.501900,-92.333900,
CSIMO000310,8,008,IMSS-BIENESTAR,NUEVA COLOMBIA,15.697100,-92.720400,
CSIMO000322,9,009,IMSS-BIENESTAR,EMILIANO ZAPATA (ARRIAGA),0.000000,0.000000,
CSIMO000334,9,009,IMSS-BIENESTAR,PUNTA FLOR,16.102500,-93.978000,
CSIMO000346,10,010,IMSS-BIENESTAR,BEJUCAL DE OCAMPO,15.455400,-92.158400,
CSIMO000351,10,010,IMSS-BIENESTAR,LAS TABLAS,15.461900,-92.198300,
CSIMO000363,11,011,IMSS-BIENESTAR,EMILIANO ZAPATA (BELLA VISTA),15.668900,-92.238500,
CSIMO000375,11,011,IMSS-BIENESTAR,LA HACIENDA,15.649500,-92.280800,
CSIMO000380,11,011,IMSS-BIENESTAR,EL PROGRESO (BELLA VISTA),15.586200,-92.216400,
CSIMO000392,11,011,IMSS-BIENESTAR,LA RINCONADA,15.593400,-92.268000,
CSIMO000404,11,011,IMSS-BIENESTAR,LA INDEPENDENCIA (BELLA VISTA),15.567500,-92.280200,
CSIMO000416,12,012,IMSS-BIENESTAR,BERRIOZÁBAL (BERRIOZÁBAL),16.799400,-93.267400,
CSIMO000421,12,012,IMSS-BIENESTAR,LAS MARAVILLAS (BERRIOZÁBAL),16.958900,-93.319800,
CSIMO000433,13,013,IMSS-BIENESTAR,BOCHIL,16.992442,-92.895304,
CSIMO000445,13,013,IMSS-BIENESTAR,GARRIDO CANAVAL (CHAVARRÍA),17.073400,-93.026900,
CSIMO000450,13,013,IMSS-BIENESTAR,LUIS ESPINOZA (BOCHIL),17.030800,-93.027400,
CSIMO000462,13,013,IMSS-BIENESTAR,EL COPAL (BOCHIL),16.966100,-92.928100,
CSIMO000474,14,014,IMSS-BIENESTAR,ÁLVARO OBREGÓN,17.028100,-92.808400,
CSIMO000486,14,014,IMSS-BIENESTAR,PLÁTANOS,17.004800,-92.743400,
CSIMO000491,14,014,IMSS-BIENESTAR,SAN CAYETANO (EL BOSQUE),16.960300,-92.758400,
CSIMO000503,14,014,IMSS-BIENESTAR,SAN PEDRO NICHTALUCUM,17.034400,-92.726900,
CSIMO000515,15,015,IMSS-BIENESTAR,AGUA CALIENTE (CACAHOATÁN),15.163600,-92.155000,
CSIMO000520,15,015,IMSS-BIENESTAR,EL ÁGUILA,15.092800,-92.183300,
CSIMO000532,15,015,IMSS-BIENESTAR,AGUSTÍN DE ITURBIDE,15.074400,-92.198800,
CSIMO000544,15,015,IMSS-BIENESTAR,AHUACATLÁN (CACAHOATÁN),15.039100,-92.180200,
CSIMO000556,15,015,IMSS-BIENESTAR,FAJA DE ORO,15.031200,-92.156300,
CSIMO000561,15,015,IMSS-BIENESTAR,EL PLATANAR,15.082600,-92.162800,
CSIMO000573,15,015,IMSS-BIENESTAR,SALVADOR URBINA (CACAHOATÁN),15.034700,-92.208300,
CSIMO000585,15,015,IMSS-BIENESTAR,TOQUIÁN LAS NUBES (TOQUIÁN GUARUMO),15.051300,-92.190000,
CSIMO000590,15,015,IMSS-BIENESTAR,UNIÓN ROJA,15.045100,-92.216800,
CSIMO000602,16,016,IMSS-BIENESTAR,CATAZAJÁ,17.724900,-92.013600,
CSIMO000614,16,016,IMSS-BIENESTAR,CUYO (ÁLVARO OBREGÓN),17.849400,-92.000200,
CSIMO000626,16,016,IMSS-BIENESTAR,LOMA BONITA (CATAZAJÁ),17.786400,-92.077000,
CSIMO000631,16,016,IMSS-BIENESTAR,IGNACIO ZARAGOZA (CATAZAJÁ),17.786100,-91.991900,
CSIMO000643,17,017,IMSS-BIENESTAR,ABELARDO L. RODRÍGUEZ,16.669000,-93.800300,
CSIMO000655,17,017,IMSS-BIENESTAR,ROSENDO SALAZAR,16.471200,-94.003000,
CSIMO000660,17,017,IMSS-BIENESTAR,CONSTITUCIÓN (EL CHAYOTAL),16.944400,-93.937400,
CSIMO000672,17,017,IMSS-BIENESTAR,LÁZARO CÁRDENAS (CINTALAPA),16.604500,-93.793400,
CSIMO000684,17,017,IMSS-BIENESTAR,TEHUACAN,16.592800,-93.961600,
CSIMO000696,17,017,IMSS-BIENESTAR,TRIUNFO DE MADERO,16.772200,-93.768200,
CSIMO000701,17,017,IMSS-BIENESTAR,VILLAMORELOS,16.478600,-93.926800,
CSIMO000713,17,017,IMSS-BIENESTAR,RAFAEL CAL Y MAYOR,0.000000,0.000000,
CSIMO000725,17,017,IMSS-BIENESTAR,VENUSTIANO CARRANZA (CINTALAPA),16.852800,-93.672700,
CSIMO000730,18,018,IMSS-BIENESTAR,COAPILLA,17.132300,-93.160200,
CSIMO000742,19,019,IMSS-BIENESTAR,EFRAÍN A. GUTIÉRREZ (COMITÁN DE DOMÍNGUEZ),16.343100,-92.199000,
CSIMO000754,19,019,IMSS-BIENESTAR,LA FLORESTA,16.507800,-92.311300,
CSIMO000766,19,019,IMSS-BIENESTAR,FRANCISCO SARABIA (COMITÁN DE DOMÍNGUEZ),16.156800,-92.104700,
CSIMO000771,19,019,IMSS-BIENESTAR,LOS RIEGOS,16.304800,-92.124100,
CSIMO000783,19,019,IMSS-BIENESTAR,YOCNAJAB EL ROSARIO,16.235600,-92.072500,
CSIMO000795,19,019,IMSS-BIENESTAR,SEÑOR DEL POZO,16.297400,-92.112700,
CSIMO000800,19,019,IMSS-BIENESTAR,ZARAGOZA LA MONTAÑA,16.415300,-92.205400,
CSIMO000812,19,019,IMSS-BIENESTAR,YALTZI TRES LAGUNAS,16.297500,-92.258600,
CSIMO000824,19,019,IMSS-BIENESTAR,VILLAHERMOSA YALUMÁ,16.336400,-92.072200,
CSIMO000836,20,020,IMSS-BIENESTAR,RIZO DE ORO,15.968700,-92.481800,
CSIMO000841,20,020,IMSS-BIENESTAR,LA TIGRILLA,15.989000,-92.852900,
CSIMO000853,20,020,IMSS-BIENESTAR,IGNACIO ZARAGOZA (LA CONCORDIA),16.027500,-92.586800,
CSIMO000865,21,021,IMSS-BIENESTAR,ÁNGEL ALBINO CORZO (GUADALUPE),17.126000,-93.274200,
CSIMO000870,21,021,IMSS-BIENESTAR,IGNACIO ZARAGOZA (COPAINALÁ),17.057500,-93.349900,
CSIMO000882,21,021,IMSS-BIENESTAR,LA NUEVA,17.049400,-93.166100,
CSIMO000894,22,022,IMSS-BIENESTAR,CHALCHIHUITÁN,16.964300,-92.617300,
CSIMO000906,22,022,IMSS-BIENESTAR,CANTEAL,17.002300,-92.590800,
CSIMO000911,22,022,IMSS-BIENESTAR,JOLITONTIC,17.048400,-92.638600,
CSIMO000923,22,022,IMSS-BIENESTAR,JOLTEALAL,17.075500,-92.621500,
CSIMO000935,23,023,IMSS-BIENESTAR,CHAMULA,16.787800,-92.688200,
CSIMO000940,23,023,IMSS-BIENESTAR,BAUTISTA CHICO,16.800100,-92.714500,
CSIMO000952,23,023,IMSS-BIENESTAR,CHICUMTANTIC,16.865600,-92.605300,
CSIMO000964,23,023,IMSS-BIENESTAR,EPALCHÉN,16.891400,-92.696400,
CSIMO000976,23,023,IMSS-BIENESTAR,MILPOLETA,16.772500,-92.660800,
CSIMO000981,23,023,IMSS-BIENESTAR,LAS OLLAS,16.780000,-92.552400,
CSIMO000993,23,023,IMSS-BIENESTAR,EL POZO (CHAMULA),16.851800,-92.572000,
CSIMO001005,23,023,IMSS-BIENESTAR,SACTZU,16.796100,-92.608600,
CSIMO001010,23,023,IMSS-BIENESTAR,YAALHICHÍN,16.841100,-92.675000,
CSIMO001022,23,023,IMSS-BIENESTAR,YALTEM,16.843900,-92.790000,
CSIMO001034,23,023,IMSS-BIENESTAR,YALVANTÉ,16.806500,-92.779800,
CSIMO001046,23,023,IMSS-BIENESTAR,YITIC,16.854400,-92.627400,
CSIMO001051,23,023,IMSS-BIENESTAR,SHUCUTÓN,16.832300,-92.651100,
CSIMO001063,24,024,IMSS-BIENESTAR,SAXCHILBALTÉ,16.686300,-92.087800,
CSIMO001075,24,024,IMSS-BIENESTAR,FRONTERA MEXIQUITO,16.538800,-92.165600,
CSIMO001080,25,025,IMSS-BIENESTAR,CHAPULTENANGO,17.339700,-93.129500,
CSIMO001092,26,026,IMSS-BIENESTAR,SANTA MARTHA (CHENALHÓ),16.930600,-92.679100,
CSIMO001104,26,026,IMSS-BIENESTAR,MIGUEL UTRILLA (LOS CHORROS),16.942800,-92.479700,
CSIMO001116,26,026,IMSS-BIENESTAR,PECHIQUIL,16.998900,-92.548300,
CSIMO001121,26,026,IMSS-BIENESTAR,SHUNUCH,16.906900,-92.583900,
CSIMO001133,26,026,IMSS-BIENESTAR,TAKIUKUM,16.925000,-92.537500,
CSIMO001145,27,027,IMSS-BIENESTAR,GALECIO NARCÍA,16.585800,-93.019900,
CSIMO001150,27,027,IMSS-BIENESTAR,JULIÁN GRAJALES (CHIAPA DE CORZO),16.486400,-92.969900,
CSIMO001162,27,027,IMSS-BIENESTAR,NICOLÁS BRAVO (CHIAPA DE CORZO),16.510400,-92.991900,
CSIMO001174,27,027,IMSS-BIENESTAR,EL PALMAR (SAN GABRIEL),16.845500,-93.016300,
CSIMO001186,27,027,IMSS-BIENESTAR,NUEVO CARMEN TONAPAC,16.697100,-92.957900,
CSIMO001191,27,027,IMSS-BIENESTAR,SALVADOR URBINA (CHIAPA DE CORZO),16.633300,-93.002300,
CSIMO001203,28,028,IMSS-BIENESTAR,CHIAPILLA,16.570600,-92.722800,
CSIMO001215,29,029,IMSS-BIENESTAR,CHICOASÉN,16.968800,-93.106900,
CSIMO001220,30,030,IMSS-BIENESTAR,CHICOMUSELO,15.739900,-92.284800,
CSIMO001232,30,030,IMSS-BIENESTAR,NUEVA AMÉRICA,15.922900,-92.306500,
CSIMO001244,30,030,IMSS-BIENESTAR,PABLO L. SIDAR,15.831700,-92.279400,
CSIMO001256,30,030,IMSS-BIENESTAR,UNIÓN BUENAVISTA (CHICOMUSELO),15.794600,-92.543300,
CSIMO001261,30,030,IMSS-BIENESTAR,BENITO JUÁREZ (CHICOMUSELO),15.895900,-92.375800,
CSIMO001273,31,031,IMSS-BIENESTAR,CHICH 2A. SECCIÓN,17.166400,-92.165300,
CSIMO001285,31,031,IMSS-BIENESTAR,GUAQUITEPEC,16.979700,-92.287900,
CSIMO001290,31,031,IMSS-BIENESTAR,GUADALUPE PAXILÁ,17.118300,-92.031800,
CSIMO001302,31,031,IMSS-BIENESTAR,TACUBA NUEVA,17.090800,-92.371000,
CSIMO001314,31,031,IMSS-BIENESTAR,XOTXOTJÁ LAS CANCHAS,17.005100,-92.116000,
CSIMO001326,31,031,IMSS-BIENESTAR,TZAJALÁ,17.135075,-92.397000,
CSIMO001331,31,031,IMSS-BIENESTAR,ALÁN-SAC JÚN,17.192600,-92.054100,
CSIMO001343,31,031,IMSS-BIENESTAR,PIQUINTEEL,17.233100,-92.069400,
CSIMO001355,31,031,IMSS-BIENESTAR,JET-JA,17.068200,-91.927700,
CSIMO001360,31,031,IMSS-BIENESTAR,CACUALÁ ZOTETIC,17.070200,-92.096900,
CSIMO001372,31,031,IMSS-BIENESTAR,SAN JOSÉ PATHUITZ,17.185600,-91.661600,
CSIMO001384,31,031,IMSS-BIENESTAR,SANTIAGO POJCOL,16.996000,-91.983600,
CSIMO001396,32,032,IMSS-BIENESTAR,CINTALAPA (ESCUINTLA),15.339900,-92.613000,
CSIMO001401,32,032,IMSS-BIENESTAR,HOJA BLANCA,15.356900,-92.458100,
CSIMO001413,32,032,IMSS-BIENESTAR,JALAPA,15.375000,-92.528900,
CSIMO001425,32,032,IMSS-BIENESTAR,NUEVA FRANCIA,15.370600,-92.588900,
CSIMO001430,32,032,IMSS-BIENESTAR,SAN ANTONIO MIRAMAR,15.381900,-92.457200,
CSIMO001442,32,032,IMSS-BIENESTAR,SAN JUAN PANAMÁ,15.411900,-92.503100,
CSIMO001454,32,032,IMSS-BIENESTAR,VEGA DE JUÁREZ,15.383900,-92.488900,
CSIMO001466,34,034,IMSS-BIENESTAR,GUADALUPE GRIJALVA,15.698100,-92.162900,
CSIMO001471,34,034,IMSS-BIENESTAR,JOAQUÍN MIGUEL GUTIÉRREZ (QUESPALA),15.815300,-91.947400,
CSIMO001483,34,034,IMSS-BIENESTAR,NUEVA LIBERTAD (FRONTERA COMALAPA),15.754100,-92.202100,
CSIMO001495,34,034,IMSS-BIENESTAR,NUEVO MAZAPA,15.776100,-92.140100,
CSIMO001500,34,034,IMSS-BIENESTAR,PASO HONDO,15.682000,-92.017300,
CSIMO001512,34,034,IMSS-BIENESTAR,DR. RODULFO FIGUEROA (TIERRA BLANCA),15.850600,-92.062100,
CSIMO001524,34,034,IMSS-BIENESTAR,SAN CARALAMPIO (FRONTERA COMALAPA),15.828300,-92.034000,
CSIMO001536,34,034,IMSS-BIENESTAR,SINALOA,15.891200,-92.128800,
CSIMO001541,34,034,IMSS-BIENESTAR,SABINALITO,15.701700,-91.985300,
CSIMO001553,35,035,IMSS-BIENESTAR,EJIDO FRANCISCO I. MADERO,14.724300,-92.201300,
CSIMO001565,35,035,IMSS-BIENESTAR,IGNACIO ZARAGOZA (FRONTERA HIDALGO),14.739000,-92.170400,
CSIMO001570,36,036,IMSS-BIENESTAR,LA GRANDEZA (LA GRANDEZA),15.509200,-92.226200,
CSIMO001582,36,036,IMSS-BIENESTAR,LLANO GRANDE (LA GRANDEZA),15.473300,-92.231600,
CSIMO001594,37,037,IMSS-BIENESTAR,HUEHUETÁN,15.015200,-92.387400,
CSIMO001606,37,037,IMSS-BIENESTAR,CHAMULAPITA,15.067900,-92.368800,
CSIMO001611,37,037,IMSS-BIENESTAR,GUADALUPE (HUEHUETÁN),14.979800,-92.337400,
CSIMO001623,37,037,IMSS-BIENESTAR,NUEVA VICTORIA,15.019200,-92.474200,
CSIMO001635,37,037,IMSS-BIENESTAR,PLAN DE AYALA (HUEHUETÁN),14.983000,-92.476700,
CSIMO001640,37,037,IMSS-BIENESTAR,TEPEHUITZ,15.063100,-92.339300,
CSIMO001652,37,037,IMSS-BIENESTAR,CANTÓN EL TÍVOLI,15.006400,-92.333900,
CSIMO001664,38,038,IMSS-BIENESTAR,HUIXTÁN,16.711300,-92.454600,
CSIMO001676,38,038,IMSS-BIENESTAR,ADOLFO LÓPEZ MATEOS (HUIXTÁN),16.753100,-92.414900,
CSIMO001681,38,038,IMSS-BIENESTAR,CARMEN YALCHUCH,16.643900,-92.362400,
CSIMO001693,38,038,IMSS-BIENESTAR,LA LIBERTAD (HUIXTÁN),16.714700,-92.351600,
CSIMO001705,38,038,IMSS-BIENESTAR,BAZOM,16.734700,-92.486100,
CSIMO001710,38,038,IMSS-BIENESTAR,SAN GREGORIO (HUIXTÁN),16.705600,-92.376400,
CSIMO001722,39,039,IMSS-BIENESTAR,HUITIUPÁN,17.171600,-92.684900,
CSIMO001734,39,039,IMSS-BIENESTAR,LA COMPETENCIA,17.236400,-92.756800,
CSIMO001746,39,039,IMSS-BIENESTAR,EMILIANO ZAPATA (HUITIUPÁN),17.253600,-92.638800,
CSIMO001751,39,039,IMSS-BIENESTAR,JOSÉ MARÍA MORELOS Y PAVÓN,17.241000,-92.702100,
CSIMO001763,39,039,IMSS-BIENESTAR,SOMBRA CARRIZAL,17.297600,-92.747200,
CSIMO001775,40,040,IMSS-BIENESTAR,AQUILES SERDÁN (HUIXTLA),15.158500,-92.476200,
CSIMO001780,40,040,IMSS-BIENESTAR,SANTA RITA CORONADO,15.218300,-92.471700,
CSIMO001792,40,040,IMSS-BIENESTAR,FRANCISCO I. MADERO (HUIXTLA),15.069200,-92.545400,
CSIMO001804,41,041,IMSS-BIENESTAR,LA INDEPENDENCIA (LA INDEPENDENCIA),16.251000,-92.020100,
CSIMO001816,41,041,IMSS-BIENESTAR,GALEANA,16.223700,-92.000500,
CSIMO001821,41,041,IMSS-BIENESTAR,RÍO BLANCO (LA INDEPENDENCIA),16.198600,-91.627500,
CSIMO001833,41,041,IMSS-BIENESTAR,EL TRIUNFO (LA INDEPENDENCIA),16.205400,-91.859400,
CSIMO001845,41,041,IMSS-BIENESTAR,VENUSTIANO CARRANZA (LA INDEPENDENCIA),16.191700,-91.928400,
CSIMO001850,41,041,IMSS-BIENESTAR,BUENAVISTA (LA INDEPENDENCIA),16.244887,-91.987802,
CSIMO001862,42,042,IMSS-BIENESTAR,CHAPAYAL GRANDE,17.295000,-92.945200,
CSIMO001874,42,042,IMSS-BIENESTAR,IXHUATÁN,17.292800,-93.009100,
CSIMO001886,44,044,IMSS-BIENESTAR,AZTLÁN (RANCHO NUEVO),16.767800,-92.922400,
CSIMO001891,44,044,IMSS-BIENESTAR,CHIGTÓN,16.842500,-92.873800,
CSIMO001903,44,044,IMSS-BIENESTAR,EL NOPAL (IXTAPA),16.893900,-92.847900,
CSIMO001915,44,044,IMSS-BIENESTAR,EL ZAPOTILLO,16.835800,-92.949300,
CSIMO001920,45,045,IMSS-BIENESTAR,IXTAPANGAJOYA,17.497700,-93.001800,
CSIMO001932,45,045,IMSS-BIENESTAR,LA GLORIA (IXTAPANGAJOYA),17.442300,-92.954400,
CSIMO001944,46,046,IMSS-BIENESTAR,JIQUIPILAS,16.670900,-93.649100,
CSIMO001956,46,046,IMSS-BIENESTAR,CUAUHTÉMOC (JIQUIPILAS),16.549200,-93.716000,
CSIMO001961,46,046,IMSS-BIENESTAR,JULIÁN GRAJALES (JIQUIPILAS),16.428700,-93.713900,
CSIMO001973,46,046,IMSS-BIENESTAR,NUEVA PALESTINA,16.492800,-93.633500,
CSIMO001985,46,046,IMSS-BIENESTAR,QUINTANA ROO (JIQUIPILAS),16.605000,-93.560500,
CSIMO001990,46,046,IMSS-BIENESTAR,TIERRA Y LIBERTAD,16.377200,-93.860500,
CSIMO002002,46,046,IMSS-BIENESTAR,EL TRIUNFO (JIQUIPILAS),16.463100,-93.751300,
CSIMO002014,47,047,IMSS-BIENESTAR,JITOTOL,17.067000,-92.860400,
CSIMO002026,47,047,IMSS-BIENESTAR,CARMEN ZACATAL,17.082500,-92.802800,
CSIMO002031,48,048,IMSS-BIENESTAR,JUÁREZ (JUÁREZ),17.605500,-93.186900,
CSIMO002043,48,048,IMSS-BIENESTAR,DOCTOR BELISARIO DOMÍNGUEZ,17.604700,-93.148500,
CSIMO002055,48,048,IMSS-BIENESTAR,EL PARAÍSO (JUÁREZ),17.764100,-93.231600,
CSIMO002060,48,048,IMSS-BIENESTAR,EL TRIUNFO (JUÁREZ),17.623800,-93.166000,
CSIMO002072,48,048,IMSS-BIENESTAR,NUEVO VOLCÁN CHICHONAL,17.770800,-93.109300,
CSIMO002084,49,049,IMSS-BIENESTAR,JOLNACHOJ,16.919200,-92.772100,
CSIMO002096,118,119,IMSS-BIENESTAR,SANTIAGO EL PINAR,16.939700,-92.714400,
CSIMO002101,49,049,IMSS-BIENESTAR,TALONHUITZ,16.905500,-92.724900,
CSIMO002113,50,050,IMSS-BIENESTAR,JOSÉ MARÍA MORELOS Y PAVÓN CENTRO,17.681100,-91.811500,
CSIMO002125,51,051,IMSS-BIENESTAR,MAPASTEPEC,15.461033,-92.887963,
CSIMO002130,51,051,IMSS-BIENESTAR,FRANCISCO SARABIA (LA BLANCA),15.419000,-92.997400,
CSIMO002142,51,051,IMSS-BIENESTAR,NUEVO MILENIO VALDIVIA,15.502500,-92.949000,
CSIMO002154,51,051,IMSS-BIENESTAR,JOSÉ PANTALEÓN DOMÍNGUEZ,15.512600,-92.832400,
CSIMO002166,51,051,IMSS-BIENESTAR,PROGRESO DE CHIAPAS,15.524800,-92.952400,
CSIMO002171,51,051,IMSS-BIENESTAR,SESECAPA,15.400600,-92.821800,
CSIMO002183,51,051,IMSS-BIENESTAR,TRES DE MAYO,15.570400,-92.865600,
CSIMO002195,51,051,IMSS-BIENESTAR,NICOLÁS BRAVO UNO ANEXO EMILIANO ZAPATA,15.357000,-92.837600,
CSIMO002200,52,052,IMSS-BIENESTAR,BAJUCÚ,16.474500,-92.062900,
CSIMO002212,52,052,IMSS-BIENESTAR,BENITO JUÁREZ (LAS MARGARITAS),16.405600,-91.489700,
CSIMO002224,52,052,IMSS-BIENESTAR,FELIPE CARRILLO PUERTO (LAS MARGARITAS),16.386400,-91.715300,
CSIMO002236,52,052,IMSS-BIENESTAR,CHIAPAS,16.383100,-91.863800,
CSIMO002241,52,052,IMSS-BIENESTAR,EL EDÉN,16.287500,-91.641600,
CSIMO002253,52,052,IMSS-BIENESTAR,LA ESPERANZA (LAS MARGARITAS),16.347800,-91.981000,
CSIMO002265,52,052,IMSS-BIENESTAR,FRANCISCO I. MADERO (LAS MARGARITAS),16.292900,-91.905900,
CSIMO002270,52,052,IMSS-BIENESTAR,GUADALUPE TEPEYAC,16.321609,-91.543607,
CSIMO002282,52,052,IMSS-BIENESTAR,GUADALUPE LOS ALTOS,16.302800,-91.421400,
CSIMO002294,52,052,IMSS-BIENESTAR,EL MOMON,16.337200,-91.769400,
CSIMO002306,52,052,IMSS-BIENESTAR,NUEVO HUIXTÁN,16.154800,-91.413800,
CSIMO002311,52,052,IMSS-BIENESTAR,NUEVO MÉXICO (LAS MARGARITAS),16.568900,-92.084900,
CSIMO002323,52,052,IMSS-BIENESTAR,NUEVO SAN JUAN CHAMULA (EL PACAYAL),16.144200,-91.444300,
CSIMO002335,52,052,IMSS-BIENESTAR,NUEVO SANTO TOMÁS,16.203900,-91.408800,
CSIMO002340,52,052,IMSS-BIENESTAR,PLAN DE AYALA (LAS MARGARITAS),16.470600,-92.027700,
CSIMO002352,52,052,IMSS-BIENESTAR,SALTILLO (LAS MARGARITAS),16.392100,-91.950900,
CSIMO002364,52,052,IMSS-BIENESTAR,SAN CARALAMPIO (LAS MARGARITAS),16.358100,-91.632500,
CSIMO002376,52,052,IMSS-BIENESTAR,PLAN DE SANTO TOMÁS,16.413300,-91.582800,
CSIMO002381,52,052,IMSS-BIENESTAR,VEINTE DE NOVIEMBRE (LAS MARGARITAS),16.619900,-92.081800,
CSIMO002393,52,052,IMSS-BIENESTAR,VICENTE GUERRERO (LAS MARGARITAS),16.383400,-91.676000,
CSIMO002405,52,052,IMSS-BIENESTAR,YASHA,16.390000,-92.068800,
CSIMO002410,114,115,IMSS-BIENESTAR,MARAVILLA TENEJAPA,16.145300,-91.294100,
CSIMO002422,52,052,IMSS-BIENESTAR,SAN GREGORIO LA ESPERANZA,16.490000,-91.461800,
CSIMO002434,114,115,IMSS-BIENESTAR,AMATITLÁN,16.233500,-91.292100,
CSIMO002446,114,115,IMSS-BIENESTAR,FLOR DE CAFÉ,16.080800,-91.182800,
CSIMO002451,52,052,IMSS-BIENESTAR,FRANCISCO VILLA (LAS MARGARITAS),16.301900,-91.557500,
CSIMO002463,52,052,IMSS-BIENESTAR,LA FORTUNA GALLO GIRO,16.179600,-91.349100,
CSIMO002475,52,052,IMSS-BIENESTAR,EL PARAÍSO (LAS MARGARITAS),16.276700,-91.741900,
CSIMO002480,4,004,IMSS-BIENESTAR,GUADALUPE (LAS MARGARITAS),16.243100,-91.576400,
CSIMO002492,53,053,IMSS-BIENESTAR,JUÁREZ CHEMALE,15.426700,-92.200800,
CSIMO002504,53,053,IMSS-BIENESTAR,VALLE OBREGÓN,15.415600,-92.159600,
CSIMO002516,53,053,IMSS-BIENESTAR,VERDAD DEL TRIUNFO,15.350600,-92.210600,
CSIMO002521,53,053,IMSS-BIENESTAR,EL HORIZONTE,15.370600,-92.156300,
CSIMO002533,54,054,IMSS-BIENESTAR,EL AGUACATE,14.840900,-92.428200,
CSIMO002545,54,054,IMSS-BIENESTAR,AQUILES SERDÁN (MAZATÁN),14.940100,-92.514700,
CSIMO002550,54,054,IMSS-BIENESTAR,SAN JOSÉ EL HUAYATE (BARRA DE SAN JOSÉ),14.919200,-92.623100,
CSIMO002562,54,054,IMSS-BIENESTAR,BUENOS AIRES,14.888800,-92.480400,
CSIMO002574,54,054,IMSS-BIENESTAR,EFRAÍN A. GUTIÉRREZ (MAZATÁN),14.811500,-92.481000,
CSIMO002586,55,055,IMSS-BIENESTAR,METAPA DE DOMÍNGUEZ,14.836600,-92.190600,
CSIMO002591,56,056,IMSS-BIENESTAR,CHIMHUCUM,16.888300,-92.531300,
CSIMO002603,56,056,IMSS-BIENESTAR,OXINAM,16.853900,-92.549600,
CSIMO002615,56,056,IMSS-BIENESTAR,SUYALHÓ,16.880000,-92.576400,
CSIMO002620,57,057,IMSS-BIENESTAR,MOTOZINTLA DE MENDOZA,15.355211,-92.247081,
CSIMO002632,57,057,IMSS-BIENESTAR,BELISARIO DOMÍNGUEZ,15.301200,-92.374900,
CSIMO002644,57,057,IMSS-BIENESTAR,BERRIOZÁBAL (MOTOZINTLA),15.261900,-92.283300,
CSIMO002656,57,057,IMSS-BIENESTAR,BREMEN,15.220000,-92.349400,
CSIMO002661,57,057,IMSS-BIENESTAR,BUENAVISTA (MOTOZINTLA),15.278100,-92.234100,
CSIMO002673,57,057,IMSS-BIENESTAR,EL CARRIZAL (MOTOZINTLA),15.406200,-92.306800,
CSIMO002685,57,057,IMSS-BIENESTAR,LLANO GRANDE (MOTOZINTLA),15.261800,-92.315200,
CSIMO002690,57,057,IMSS-BIENESTAR,NIQUIVIL,15.257600,-92.213500,
CSIMO002702,57,057,IMSS-BIENESTAR,NUEVA MARAVILLAS,15.294200,-92.444100,
CSIMO002714,57,057,IMSS-BIENESTAR,SAN JOSÉ IXTEPEC,15.350900,-92.376600,
CSIMO002726,57,057,IMSS-BIENESTAR,TUIXCUM GRANDE,15.294500,-92.218500,
CSIMO002731,57,057,IMSS-BIENESTAR,IGNACIO ZARAGOZA (MOTOZINTLA),15.242300,-92.229000,
CSIMO002743,57,057,IMSS-BIENESTAR,NUEVA ESPERANZA (MOTOZINTLA),15.336200,-92.382900,
CSIMO002755,57,057,IMSS-BIENESTAR,TOLIMAM,15.318700,-92.328800,
CSIMO002760,57,057,IMSS-BIENESTAR,XELAJU(MOTOZINTLA DE MENDOZA),15.335600,-92.217200,
CSIMO002772,58,058,IMSS-BIENESTAR,NICOLÁS RUÍZ,16.438600,-92.581900,
CSIMO002784,59,059,IMSS-BIENESTAR,OCOSINGO,16.900871,-92.087206,
CSIMO002796,59,059,IMSS-BIENESTAR,ABASOLO (OCOSINGO),16.822600,-92.211500,
CSIMO002801,59,059,IMSS-BIENESTAR,CAMPO ALEGRE,16.941100,-91.942400,
CSIMO002813,59,059,IMSS-BIENESTAR,DAMASCO,17.161900,-91.599900,
CSIMO002825,59,059,IMSS-BIENESTAR,LA FRONTERA UNO,16.931400,-92.284600,
CSIMO002830,59,059,IMSS-BIENESTAR,UNIDAD MEDICA RURAL LACANJÁ CHANSAYAB,16.761969,-91.129642,
CSIMO002842,59,059,IMSS-BIENESTAR,SAN QUINTÍN,16.405800,-91.345800,
CSIMO002854,59,059,IMSS-BIENESTAR,EL SIBAL,16.982000,-91.490900,
CSIMO002866,59,059,IMSS-BIENESTAR,TENANGO (OCOSINGO),16.908500,-92.261100,
CSIMO002871,59,059,IMSS-BIENESTAR,EL TUMBO,17.077400,-91.626700,
CSIMO002883,59,059,IMSS-BIENESTAR,UBILIO GARCÍA,17.080400,-91.476200,
CSIMO002895,59,059,IMSS-BIENESTAR,SAN JACINTO,16.811601,-91.689841,
CSIMO002900,59,059,IMSS-BIENESTAR,SANTO TON,16.936100,-91.886000,
CSIMO002912,59,059,IMSS-BIENESTAR,TANIPERLA,16.821700,-91.524200,
CSIMO002924,113,114,IMSS-BIENESTAR,BENEMÉRITO DE LAS AMÉRICAS,16.516928,-90.653580,
CSIMO002936,113,114,IMSS-BIENESTAR,FLOR DE CACAO,16.962300,-91.794000,
CSIMO002941,59,059,IMSS-BIENESTAR,NAHA,16.979200,-91.581200,
CSIMO002953,59,059,IMSS-BIENESTAR,NUEVO FRANCISCO LEÓN,17.028000,-91.321800,
CSIMO002965,115,116,IMSS-BIENESTAR,PICO DE ORO,16.870800,-91.969700,
CSIMO002970,59,059,IMSS-BIENESTAR,VIEJO VELASCO SUÁREZ,16.975500,-91.239000,
CSIMO002982,113,114,IMSS-BIENESTAR,LA NUEVA UNIÓN (BENEMÉRITO DE LAS AMÉRICAS),16.086900,-90.773300,
CSIMO002994,31,031,IMSS-BIENESTAR,SAN JERÓNIMO TULIJÁ,16.767100,-91.533400,
CSIMO003006,59,059,IMSS-BIENESTAR,EL LIMÓN,16.943400,-91.649000,
CSIMO003011,59,059,IMSS-BIENESTAR,CINTALAPA (OCOSINGO),16.923000,-91.361400,
CSIMO003023,59,059,IMSS-BIENESTAR,NUEVO MONTE LÍBANO,16.917500,-91.636200,
CSIMO003035,59,059,IMSS-BIENESTAR,SIBACA,16.927800,-92.138800,
CSIMO003040,59,059,IMSS-BIENESTAR,CUXULJÁ,16.811700,-92.170300,
CSIMO003052,59,059,IMSS-BIENESTAR,NUEVO CANÁN,17.170800,-91.477200,
CSIMO003064,60,060,IMSS-BIENESTAR,OCOTEPEC (OCOTEPEC| CHIS),17.225700,-93.161400,
CSIMO003076,60,060,IMSS-BIENESTAR,SAN PABLO HUACANO,17.196200,-93.207300,
CSIMO003081,61,061,IMSS-BIENESTAR,OCOZOCOAUTLA DE ESPINOSA,16.755027,-93.380102,
CSIMO003093,61,061,IMSS-BIENESTAR,ALFONSO MOGUEL,16.666700,-93.508000,
CSIMO003105,61,061,IMSS-BIENESTAR,AMADOR HERNÁNDEZ GONZÁLEZ,17.074300,-93.572800,
CSIMO003110,61,061,IMSS-BIENESTAR,OCUILAPA DE JUÁREZ,16.855200,-93.413700,
CSIMO003122,61,061,IMSS-BIENESTAR,VICENTE GUERRERO (MATAMOROS),16.679700,-93.261800,
CSIMO003134,61,061,IMSS-BIENESTAR,AMÉRICA LIBRE,16.995500,-93.437100,
CSIMO003146,61,061,IMSS-BIENESTAR,JUAN DE GRIJALVA,17.057200,-93.510200,
CSIMO003151,61,061,IMSS-BIENESTAR,LINDAVISTA,17.097500,-93.664100,
CSIMO003163,61,061,IMSS-BIENESTAR,GUADALUPE VICTORIA (OCOZOCOAUTLA DE ESPINOSA),16.625300,-93.335400,
CSIMO003175,61,061,IMSS-BIENESTAR,LUIS ECHEVERRÍA (AGUA BLANCA),17.100300,-93.857100,
CSIMO003180,62,062,IMSS-BIENESTAR,NUEVO GUADALUPE VICTORIA,0.000000,0.000000,
CSIMO003192,62,062,IMSS-BIENESTAR,NUEVO XOCHIMILCO,17.451100,-93.369300,
CSIMO003204,63,063,IMSS-BIENESTAR,OSUMACINTA,16.935900,-93.090900,
CSIMO003216,64,064,IMSS-BIENESTAR,EL CORRALITO,16.822200,-92.250200,
CSIMO003221,64,064,IMSS-BIENESTAR,JOVILTÓN,16.829700,-92.316100,
CSIMO003233,64,064,IMSS-BIENESTAR,TUXAQUILJÁ,16.752500,-92.267900,
CSIMO003245,64,064,IMSS-BIENESTAR,EL TZAY,16.867500,-92.318800,
CSIMO003250,64,064,IMSS-BIENESTAR,TZUNÚN,16.841100,-92.373600,
CSIMO003262,64,064,IMSS-BIENESTAR,YOSHIB,16.848000,-92.444100,
CSIMO003274,64,064,IMSS-BIENESTAR,CRUZILJA (MEDIA LUNA),16.824700,-92.309600,
CSIMO003286,65,065,IMSS-BIENESTAR,BAJADAS GRANDES,17.701100,-92.260700,
CSIMO003291,65,065,IMSS-BIENESTAR,EL CLAVO,17.384400,-91.630400,
CSIMO003303,65,065,IMSS-BIENESTAR,FRANCISCO I. MADERO NORTE,17.685200,-91.879300,
CSIMO003315,65,065,IMSS-BIENESTAR,LIC. JOSÉ CASTILLO TIELMANS,17.396100,-91.812900,
CSIMO003320,65,065,IMSS-BIENESTAR,REFORMA AGRARIA (CHINIQUIJA),17.408300,-91.661300,
CSIMO003332,65,065,IMSS-BIENESTAR,DOCTOR SAMUEL LEÓN BRINDIS,17.435500,-91.931000,
CSIMO003344,65,065,IMSS-BIENESTAR,BABILONIA 1A. SECCIÓN,17.446700,-92.023900,
CSIMO003356,65,065,IMSS-BIENESTAR,AGUA BLANCA SERRANÍA,17.267200,-91.834000,
CSIMO003361,65,065,IMSS-BIENESTAR,VISTAHERMOSA,17.333400,-91.503400,
CSIMO003373,65,065,IMSS-BIENESTAR,CHANCALA ZAPOTE,17.407700,-91.899100,
CSIMO003385,65,065,IMSS-BIENESTAR,LA REFORMA DE OCAMPO,17.314800,-91.695000,
CSIMO003390,66,066,IMSS-BIENESTAR,PANTELHÓ,17.005800,-92.471200,
CSIMO003402,66,066,IMSS-BIENESTAR,AURORA ESQUIPULAS,17.116100,-92.475200,
CSIMO003414,66,066,IMSS-BIENESTAR,SAN JOSÉ BOCHTIC,17.049400,-92.450300,
CSIMO003426,66,066,IMSS-BIENESTAR,EL ROBLAR,17.080800,-92.421400,
CSIMO003431,66,066,IMSS-BIENESTAR,AQUILES SERDÁN (SANTA LUCÍA),17.098600,-92.492100,
CSIMO003443,67,067,IMSS-BIENESTAR,PANTEPEC (PANTEPEC| CHIS),17.189400,-93.050100,
CSIMO003455,68,068,IMSS-BIENESTAR,PICHUCALCO,17.508600,-93.118300,
CSIMO003460,68,068,IMSS-BIENESTAR,PLUTARCO ELÍAS CALLES,17.613300,-93.394100,
CSIMO003472,68,068,IMSS-BIENESTAR,NUEVO NICAPA,17.631600,-93.071300,
CSIMO003484,69,069,IMSS-BIENESTAR,LA CENTRAL,15.725100,-93.299900,
CSIMO003496,69,069,IMSS-BIENESTAR,LAS CUACHES,15.460900,-93.149200,
CSIMO003501,69,069,IMSS-BIENESTAR,JOAQUÍN MIGUEL GUTIÉRREZ (MARGARITAS),15.548400,-93.089600,
CSIMO003513,69,069,IMSS-BIENESTAR,EL PALMARCITO,15.498400,-93.211600,
CSIMO003525,69,069,IMSS-BIENESTAR,PLAN DE AYALA (PIJIJIAPAN),15.658900,-93.037400,
CSIMO003530,70,070,IMSS-BIENESTAR,EL PORVENIR DE VELASCO SUÁREZ,15.457800,-92.278400,
CSIMO003542,70,070,IMSS-BIENESTAR,EL CAMBIL,15.427600,-92.320700,
CSIMO003554,70,070,IMSS-BIENESTAR,CANADÁ,15.448100,-92.226000,
CSIMO003566,70,070,IMSS-BIENESTAR,CHIMALAPA,15.397900,-92.236000,
CSIMO003571,70,070,IMSS-BIENESTAR,CHIMALE,15.410900,-92.239900,
CSIMO003583,70,070,IMSS-BIENESTAR,MALE UNO,15.432900,-92.247100,
CSIMO003595,71,071,IMSS-BIENESTAR,CANTÓN LAS BRISAS,15.147900,-92.625700,
CSIMO003600,71,071,IMSS-BIENESTAR,HIDALGO (VILLA COMALTITLÁN),15.163100,-92.629300,
CSIMO003612,71,071,IMSS-BIENESTAR,PROVIDENCIA (VILLA COMALTITLÁN),15.309000,-92.530400,
CSIMO003624,71,071,IMSS-BIENESTAR,VICENTE GUERRERO (VILLA COMALTITLÁN),15.260400,-92.554700,
CSIMO003636,71,071,IMSS-BIENESTAR,LÁZARO CÁRDENAS (VILLA COMALTITLÁN),15.175100,-92.551600,
CSIMO003641,120,121,IMSS-BIENESTAR,RINCÓN CHAMULA,17.205700,-92.931800,
CSIMO003653,72,072,IMSS-BIENESTAR,SAN JOSÉ CHAPAYAL,17.300600,-92.890300,
CSIMO003665,72,072,IMSS-BIENESTAR,SONORA,17.172800,-92.835800,
CSIMO003670,73,073,IMSS-BIENESTAR,RAYÓN (RAYÓN| CHIS),17.200000,-93.012300,
CSIMO003682,74,074,IMSS-BIENESTAR,CRISTO REY,17.837200,-93.276900,
CSIMO003694,76,076,IMSS-BIENESTAR,SABANILLA,17.283900,-92.554300,
CSIMO003706,76,076,IMSS-BIENESTAR,EL BEBEDERO,17.395000,-92.647700,
CSIMO003711,76,076,IMSS-BIENESTAR,BUENAVISTA (SABANILLA),17.225600,-92.526700,
CSIMO003723,76,076,IMSS-BIENESTAR,MAJASTIC,17.290500,-92.626300,
CSIMO003735,76,076,IMSS-BIENESTAR,MOYOS,17.357200,-92.638800,
CSIMO003740,77,077,IMSS-BIENESTAR,CENOBIO AGUILAR (LA TRINIDAD),17.407700,-92.322100,
CSIMO003752,77,077,IMSS-BIENESTAR,EGIPTO,17.261600,-91.971300,
CSIMO003764,77,077,IMSS-BIENESTAR,HUANAL,17.491300,-92.224100,
CSIMO003776,77,077,IMSS-BIENESTAR,JERUSALÉN,17.367700,-92.060700,
CSIMO003781,77,077,IMSS-BIENESTAR,LOS LUCEROS 2A. SECCIÓN,17.528900,-92.423100,
CSIMO003793,77,077,IMSS-BIENESTAR,PUEBLO NUEVO (SALTO DE AGUA),17.587200,-92.379100,
CSIMO003805,77,077,IMSS-BIENESTAR,SAN MIGUEL (SALTO DE AGUA),17.360000,-92.009300,
CSIMO003810,77,077,IMSS-BIENESTAR,SUCLUMPA,17.410000,-92.163500,
CSIMO003822,77,077,IMSS-BIENESTAR,EL TORTUGUERO 1A. SECCIÓN,17.305800,-92.120700,
CSIMO003834,77,077,IMSS-BIENESTAR,DOS ARROYOS 1A. SECCIÓN,17.605800,-92.274300,
CSIMO003846,78,078,IMSS-BIENESTAR,SAN JOSÉ YASHITINÍN,16.654400,-92.444900,
CSIMO003851,78,078,IMSS-BIENESTAR,LA CANDELARIA (SAN CRISTÓBAL DE LAS CASAS),16.741700,-92.519900,
CSIMO003863,78,078,IMSS-BIENESTAR,SAN FELIPE ECATEPEC,16.732104,-92.654600,
CSIMO003875,79,079,IMSS-BIENESTAR,SAN FERNANDO (ALVARO OBREGON),16.868600,-93.208100,
CSIMO003880,79,079,IMSS-BIENESTAR,BENITO JUÁREZ (SAN FERNANDO),16.880300,-93.189600,
CSIMO003892,79,079,IMSS-BIENESTAR,GABRIEL ESQUINCA,16.936900,-93.175200,
CSIMO003904,80,080,IMSS-BIENESTAR,SILTEPEC,15.555100,-92.322600,
CSIMO003916,124,125,IMSS-BIENESTAR,ÁNGEL DÍAZ,15.549400,-92.403900,
CSIMO003921,119,120,IMSS-BIENESTAR,CAPITÁN LUIS A. VIDAL,15.599800,-92.627900,
CSIMO003933,124,125,IMSS-BIENESTAR,LAS DELICIAS (SILTEPEC),15.632800,-92.501800,
CSIMO003945,80,080,IMSS-BIENESTAR,LIBERTAD VENTANAS,15.538400,-92.275400,
CSIMO003950,124,125,IMSS-BIENESTAR,LAS MORAS (SILTEPEC),15.559200,-92.428900,
CSIMO003962,124,125,IMSS-BIENESTAR,PABLO GALEANA,15.569500,-92.539100,
CSIMO003974,80,080,IMSS-BIENESTAR,EL PALMAR GRANDE,15.499800,-92.253500,
CSIMO003986,80,080,IMSS-BIENESTAR,EL RODEO (SILTEPEC),15.472800,-92.272400,
CSIMO003991,80,080,IMSS-BIENESTAR,VEGA DE GUERRERO,15.567800,-92.346800,
CSIMO004003,124,125,IMSS-BIENESTAR,CERRO PEROTE,15.649500,-92.430400,
CSIMO004015,117,118,IMSS-BIENESTAR,SAN ANDRÉS DURAZNAL,17.130600,-92.804200,
CSIMO004020,81,081,IMSS-BIENESTAR,EL JARDÍN,17.165600,-92.599700,
CSIMO004032,81,081,IMSS-BIENESTAR,LUIS ESPINOSA (SIMOJOVEL),17.115600,-92.690000,
CSIMO004044,81,081,IMSS-BIENESTAR,LAS MARAVILLAS (SIMOJOVEL),17.135300,-92.556600,
CSIMO004061,81,081,IMSS-BIENESTAR,PUEBLO NUEVO SITALA,17.138900,-92.483100,
CSIMO004073,82,082,IMSS-BIENESTAR,SITALÁ,17.024700,-92.307300,
CSIMO004085,83,083,IMSS-BIENESTAR,SOCOLTENANGO,16.241900,-92.349200,
CSIMO004090,83,083,IMSS-BIENESTAR,EL SANTUARIO,16.113600,-92.438200,
CSIMO004102,83,083,IMSS-BIENESTAR,TZINIL,16.257500,-92.322100,
CSIMO004114,83,083,IMSS-BIENESTAR,LÁZARO CÁRDENAS (SOCOLTENANGO),16.160300,-92.355800,
CSIMO004126,84,084,IMSS-BIENESTAR,SOLOSUCHIAPA,17.427900,-93.032000,
CSIMO004131,85,085,IMSS-BIENESTAR,SOYALÓ,16.890400,-92.924200,
CSIMO004143,85,085,IMSS-BIENESTAR,FRANCISCO SARABIA (SOYALÓ),16.948000,-93.011800,
CSIMO004155,87,087,IMSS-BIENESTAR,BARRA DE CAHOACÁN (EL CHICAL),14.639800,-92.301800,
CSIMO004160,87,087,IMSS-BIENESTAR,EL CAMPITO,14.676000,-92.174900,
CSIMO004172,87,087,IMSS-BIENESTAR,DORADO NUEVO,14.674000,-92.210400,
CSIMO004184,87,087,IMSS-BIENESTAR,IGNACIO LÓPEZ RAYÓN,14.620100,-92.184600,
CSIMO004196,87,087,IMSS-BIENESTAR,LA LIBERTAD (SUCHIATE),14.591600,-92.191600,
CSIMO004201,87,087,IMSS-BIENESTAR,20 DE NOVIEMBRE (SUCHIATE),14.713400,-92.260400,
CSIMO004213,87,087,IMSS-BIENESTAR,EL GANCHO,14.562900,-92.255200,
CSIMO004225,88,088,IMSS-BIENESTAR,SUNUAPA,17.491300,-93.243300,
CSIMO004230,89,089,IMSS-BIENESTAR,NUEVO CHESPAL,15.114500,-92.211000,
CSIMO004242,89,089,IMSS-BIENESTAR,JOAQUÍN MIGUEL GUTIÉRREZ (EL MANZANO),14.747100,-92.309500,
CSIMO004254,89,089,IMSS-BIENESTAR,MARIO SOUZA,15.128100,-92.253500,
CSIMO004266,89,089,IMSS-BIENESTAR,FRACCIÓN LAS PALMAS,15.044500,-92.231000,
CSIMO004271,89,089,IMSS-BIENESTAR,PAVENCUL,15.200600,-92.179600,
CSIMO004283,89,089,IMSS-BIENESTAR,EL PORVENIR (TAPACHULA),14.933300,-92.277400,
CSIMO004295,89,089,IMSS-BIENESTAR,SAN JOSÉ REFORMA,15.039800,-92.330200,
CSIMO004300,89,089,IMSS-BIENESTAR,SANTA ELENA,15.080900,-92.271600,
CSIMO004312,89,089,IMSS-BIENESTAR,TOQUIÁN CHIQUITO,15.171200,-92.227100,
CSIMO004324,89,089,IMSS-BIENESTAR,VEINTISÉIS DE OCTUBRE,15.084300,-92.251500,
CSIMO004336,89,089,IMSS-BIENESTAR,ZARAGOZA (TAPACHULA),15.129300,-92.305400,
CSIMO004341,89,089,IMSS-BIENESTAR,CINCO DE MAYO (TAPACHULA),15.036200,-92.285400,
CSIMO004353,89,089,IMSS-BIENESTAR,EL TRIUNFO (TAPACHULA),15.152100,-92.370000,
CSIMO004365,89,089,IMSS-BIENESTAR,EL NARANJO (TAPACHULA),15.199000,-92.323500,
CSIMO004370,89,089,IMSS-BIENESTAR,VEINTE DE NOVIEMBRE (TAPACHULA),14.976800,-92.264900,
CSIMO004382,90,090,IMSS-BIENESTAR,TAPALAPA,17.188800,-93.102100,
CSIMO004394,91,091,IMSS-BIENESTAR,PORTACELI,17.247200,-92.988300,
CSIMO004406,92,092,IMSS-BIENESTAR,EMILIANO ZAPATA (TECPATÁN),17.217200,-93.341600,
CSIMO004411,92,092,IMSS-BIENESTAR,LUIS ESPINOSA (TECPATÁN),17.148900,-93.423200,
CSIMO004423,123,124,IMSS-BIENESTAR,RÓMULO CALZADA (LA HERRADURA),17.341100,-93.553800,
CSIMO004435,92,092,IMSS-BIENESTAR,JUAN SABINES GUTIÉRREZ,17.236700,-93.417500,
CSIMO004440,123,124,IMSS-BIENESTAR,ADOLFO LÓPEZ MATEOS (TECPATÁN),17.215900,-93.478300,
CSIMO004452,92,092,IMSS-BIENESTAR,LÁZARO CÁRDENAS 2,17.252500,-93.485300,
CSIMO004464,93,093,IMSS-BIENESTAR,TENEJAPA,16.820200,-92.507700,
CSIMO004476,93,093,IMSS-BIENESTAR,JOMANICHIM,16.900600,-92.472200,
CSIMO004481,93,093,IMSS-BIENESTAR,MAJOSIK,16.897800,-92.493300,
CSIMO004493,93,093,IMSS-BIENESTAR,SIBANILJÁ POCOLUM,16.874400,-92.460400,
CSIMO004505,93,093,IMSS-BIENESTAR,TZAJALCHÉN,16.840500,-92.459100,
CSIMO004510,93,093,IMSS-BIENESTAR,SIBACTEL,16.898600,-92.513600,
CSIMO004522,94,094,IMSS-BIENESTAR,NUEVO LEÓN,16.486000,-92.570600,
CSIMO004534,95,096,IMSS-BIENESTAR,TILA,17.302300,-92.426200,
CSIMO004546,95,096,IMSS-BIENESTAR,EL CRUCERO,17.369400,-92.462700,
CSIMO004551,95,096,IMSS-BIENESTAR,CANTIOC,17.263600,-92.405700,
CSIMO004563,95,096,IMSS-BIENESTAR,CHULUM CÁRDENAS,17.383900,-92.573800,
CSIMO004575,95,096,IMSS-BIENESTAR,CHULUM JUÁREZ,17.331600,-92.533800,
CSIMO004580,95,096,IMSS-BIENESTAR,JOLNISHTIE 1RA. SECCIÓN,17.438000,-92.511300,
CSIMO004592,95,096,IMSS-BIENESTAR,JOLPOKITIOC,17.271600,-92.449600,
CSIMO004604,95,096,IMSS-BIENESTAR,EL LIMAR,17.415100,-92.404100,
CSIMO004616,95,096,IMSS-BIENESTAR,NUEVA ESPERANZA (TILA),17.245100,-92.454500,
CSIMO004621,95,096,IMSS-BIENESTAR,PETALCINGO,17.225200,-92.415000,
CSIMO004633,95,096,IMSS-BIENESTAR,SHOCTIC,17.222200,-92.490200,
CSIMO004645,95,096,IMSS-BIENESTAR,CAMPANARIO,17.468000,-92.350700,
CSIMO004650,95,096,IMSS-BIENESTAR,PASO CHINAL,17.496100,-92.512700,
CSIMO004662,96,097,IMSS-BIENESTAR,HUANACASTAL,16.145000,-93.833100,
CSIMO004674,96,097,IMSS-BIENESTAR,DURANGO (VICTORICO R. GRAJALES),16.136400,-93.872700,
CSIMO004686,96,097,IMSS-BIENESTAR,TRES PICOS,15.885800,-93.526600,
CSIMO004691,96,097,IMSS-BIENESTAR,GENERAL ALBERTO PINEDA,15.819200,-93.436300,
CSIMO004703,96,097,IMSS-BIENESTAR,HUIZACHAL,16.049500,-93.801000,
CSIMO004715,96,097,IMSS-BIENESTAR,MANUEL ÁVILA CAMACHO (PONTE DURO),15.809500,-93.587100,
CSIMO004720,96,097,IMSS-BIENESTAR,MIGUEL HIDALGO NO. 1,16.108100,-93.697400,
CSIMO004732,96,097,IMSS-BIENESTAR,VICENTE GUERRERO (TONALÁ),16.001600,-93.749100,
CSIMO004744,96,097,IMSS-BIENESTAR,MIGUEL HIDALGO NÚMERO DOS (20 DE NOVIEMBRE),15.952000,-93.811900,
CSIMO004756,96,097,IMSS-BIENESTAR,RAYMUNDO FLORES FUENTES,16.036700,-93.619200,
CSIMO004761,69,069,IMSS-BIENESTAR,CELESTINO GASCA VILLASEÑOR (NUEVO MILENIO),15.808800,-93.360900,
CSIMO004773,97,098,IMSS-BIENESTAR,TOTOLAPA,16.544100,-92.680500,
CSIMO004785,98,099,IMSS-BIENESTAR,LA TRINITARIA,16.118200,-92.046800,
CSIMO004790,98,099,IMSS-BIENESTAR,ÁNGEL ALBINO CORZO,16.021400,-91.896800,
CSIMO004802,41,041,IMSS-BIENESTAR,SAN ANTONIO BUENAVISTA,16.149800,-91.649800,
CSIMO004814,98,099,IMSS-BIENESTAR,CUAUHTÉMOC (LA TRINITARIA),16.109500,-91.616500,
CSIMO004826,98,099,IMSS-BIENESTAR,CHIHUAHUA,16.029800,-91.973200,
CSIMO004831,98,099,IMSS-BIENESTAR,LAS DELICIAS (LA TRINITARIA),15.968700,-91.862400,
CSIMO004843,98,099,IMSS-BIENESTAR,LA ESPERANZA (LA TRINITARIA),16.151700,-91.868200,
CSIMO004855,98,099,IMSS-BIENESTAR,LÁZARO CÁRDENAS (LA TRINITARIA),16.115100,-91.834300,
CSIMO004860,98,099,IMSS-BIENESTAR,JOSÉ MARÍA MORELOS (LA TRINITARIA),16.040600,-91.831500,
CSIMO004872,98,099,IMSS-BIENESTAR,EL PORVENIR AGRARISTA,16.163900,-91.835000,
CSIMO004884,98,099,IMSS-BIENESTAR,SANTA RITA (LA TRINITARIA),16.131400,-91.974900,
CSIMO004896,98,099,IMSS-BIENESTAR,SAN VICENTE,16.140000,-91.570700,
CSIMO004901,98,099,IMSS-BIENESTAR,VICENTE GUERRERO (LA TRINITARIA),16.004100,-91.820600,
CSIMO004913,98,099,IMSS-BIENESTAR,PLAN DE AYALA (LA TRINITARIA),15.938100,-92.080300,
CSIMO004925,98,099,IMSS-BIENESTAR,RODULFO FIGUEROA,15.920300,-91.903600,
CSIMO004930,19,019,IMSS-BIENESTAR,PESQUERIA J. MUJICA,16.089100,-92.020700,
CSIMO004942,99,100,IMSS-BIENESTAR,HIDALGO JOSHIL,17.225800,-92.346700,
CSIMO004954,99,100,IMSS-BIENESTAR,JOLJAMIL,17.261900,-92.322200,
CSIMO004966,99,100,IMSS-BIENESTAR,EL PORVENIR (TUMBALÁ),17.340800,-92.325400,
CSIMO004971,99,100,IMSS-BIENESTAR,MARISCAL SUBIKUSKI,17.332200,-92.380400,
CSIMO004983,99,100,IMSS-BIENESTAR,VENUSTIANO CARRANZA (TUMBALÁ),17.302800,-92.173100,
CSIMO004995,99,100,IMSS-BIENESTAR,ESPERANZA JOYETA,17.263000,-92.124900,
CSIMO005000,99,100,IMSS-BIENESTAR,CHUCHUCRUZ PRIMERA SECCIÓN,17.303800,-92.272100,
CSIMO005012,100,101,IMSS-BIENESTAR,TUXTLA GUTIÉRREZ,16.753100,-93.115600,
CSIMO005024,101,102,IMSS-BIENESTAR,SILVANO GATICA,14.958200,-92.207700,
CSIMO005036,101,102,IMSS-BIENESTAR,GUADALUPE VICTORIA (TUXTLA CHICO),14.803700,-92.250200,
CSIMO005041,101,102,IMSS-BIENESTAR,MANUEL LAZOS,14.970100,-92.186800,
CSIMO005053,101,102,IMSS-BIENESTAR,MIGUEL HIDALGO (TUXTLA CHICO),14.936200,-92.209100,
CSIMO005065,101,102,IMSS-BIENESTAR,EL SUR DE GUILLÉN,14.887900,-92.165700,
CSIMO005070,102,103,IMSS-BIENESTAR,TUZANTÁN,15.148300,-92.423600,
CSIMO005082,102,103,IMSS-BIENESTAR,MANACAL,15.174800,-92.374300,
CSIMO005094,102,103,IMSS-BIENESTAR,NUEVA TENOCHTITLÁN,15.195600,-92.414100,
CSIMO005106,102,103,IMSS-BIENESTAR,SAN CRISTÓBAL (TUZANTÁN),15.180400,-92.364300,
CSIMO005111,102,103,IMSS-BIENESTAR,EL TARRAL,15.214300,-92.382600,
CSIMO005123,102,103,IMSS-BIENESTAR,ESTACIÓN TUZANTÁN,15.105400,-92.451600,
CSIMO005135,102,103,IMSS-BIENESTAR,VILLA HIDALGO (TUZANTÁN),15.105000,-92.374400,
CSIMO005140,103,104,IMSS-BIENESTAR,TZIMOL,16.179500,-92.189500,
CSIMO005152,103,104,IMSS-BIENESTAR,HÉROES DE CHAPULTEPEC (EL LIMÓN),16.067800,-92.283700,
CSIMO005164,103,104,IMSS-BIENESTAR,SAN VICENTE LA MESILLA,16.178800,-92.293900,
CSIMO005176,104,105,IMSS-BIENESTAR,EL DESENLACE,15.065900,-92.090400,
CSIMO005181,104,105,IMSS-BIENESTAR,EUREKA,15.060100,-92.126800,
CSIMO005193,104,105,IMSS-BIENESTAR,SAN RAFAEL (UNIÓN JUÁREZ),15.052000,-92.113800,
CSIMO005205,104,105,IMSS-BIENESTAR,TALQUIÁN,15.085300,-92.084400,
CSIMO005210,105,106,IMSS-BIENESTAR,VENUSTIANO CARRANZA,16.316417,-92.567949,
CSIMO005222,105,106,IMSS-BIENESTAR,AGUACATENANGO,16.473100,-92.406700,
CSIMO005234,105,106,IMSS-BIENESTAR,RICARDO FLORES MAGÓN (VENUSTIANO CARRANZA),16.395100,-92.696600,
CSIMO005246,105,106,IMSS-BIENESTAR,MIGUEL HIDALGO (VENUSTIANO CARRANZA),16.348900,-92.627900,
CSIMO005251,105,106,IMSS-BIENESTAR,SOYATITÁN,16.293600,-92.424100,
CSIMO005263,105,106,IMSS-BIENESTAR,VICENTE GUERRERO (VENUSTIANO CARRANZA| CHIS),16.436900,-92.711400,
CSIMO005275,106,107,IMSS-BIENESTAR,FRANCISCO MURGUÍA,15.963300,-93.192800,
CSIMO005280,121,122,IMSS-BIENESTAR,JERICÓ (PORVENIR JERICÓ),16.288100,-92.962100,
CSIMO005292,121,122,IMSS-BIENESTAR,EL PARRAL,16.365700,-93.008900,
CSIMO005304,106,107,IMSS-BIENESTAR,1O. DE MAYO,16.149200,-93.114300,
CSIMO005316,106,107,IMSS-BIENESTAR,REVOLUCIÓN MEXICANA,16.169900,-93.076500,
CSIMO005321,106,107,IMSS-BIENESTAR,VALLE MORELOS,16.136200,-92.997800,
CSIMO005333,106,107,IMSS-BIENESTAR,NUEVO VICENTE GUERRERO,16.039000,-92.978700,
CSIMO005345,106,107,IMSS-BIENESTAR,IGNACIO ZARAGOZA (VILLA CORZO),15.954400,-93.225000,
CSIMO005350,106,107,IMSS-BIENESTAR,SIERRA MORENA,16.150600,-93.587400,
CSIMO005362,106,107,IMSS-BIENESTAR,MONTERREY (VILLA CORZO),16.059200,-93.368000,
CSIMO005374,116,117,IMSS-BIENESTAR,MONTECRISTO,16.016400,-93.041600,
CSIMO005386,8,008,IMSS-BIENESTAR,PALESTINA,16.051400,-93.197500,
CSIMO005391,116,117,IMSS-BIENESTAR,PUERTO RICO (MONTECRISTO DE GUERRERO),15.664700,-92.711700,
CSIMO005403,8,008,IMSS-BIENESTAR,QUERÉTARO,15.840300,-92.756600,
CSIMO005415,107,108,IMSS-BIENESTAR,AGRÓNOMOS MEXICANOS,16.348100,-93.529900,
CSIMO005420,107,108,IMSS-BIENESTAR,LOS ÁNGELES (VILLAFLORES),16.268600,-93.637100,
CSIMO005432,107,108,IMSS-BIENESTAR,BENITO JUÁREZ (VILLAFLORES),16.426800,-93.321600,
CSIMO005444,107,108,IMSS-BIENESTAR,CUAUHTÉMOC (VILLAFLORES),16.311900,-93.209800,
CSIMO005456,107,108,IMSS-BIENESTAR,FRANCISCO VILLA (VILLAFLORES),16.212400,-93.336300,
CSIMO005461,107,108,IMSS-BIENESTAR,HERIBERTO JARA,16.197800,-93.438600,
CSIMO005473,107,108,IMSS-BIENESTAR,IGNACIO ZARAGOZA (VILLAFLORES),16.369500,-93.132700,
CSIMO005485,107,108,IMSS-BIENESTAR,JOAQUÍN MIGUEL GUTIÉRREZ,16.369200,-93.364900,
CSIMO005490,107,108,IMSS-BIENESTAR,NUEVO MÉXICO (VILLAFLORES),16.469000,-93.439000,
CSIMO005502,107,108,IMSS-BIENESTAR,TENOCHTITLÁN,16.454700,-93.361600,
CSIMO005514,107,108,IMSS-BIENESTAR,ÚRSULO GALVÁN,16.279400,-93.414900,
CSIMO005526,107,108,IMSS-BIENESTAR,VILLA HIDALGO (VILLAFLORES),16.302800,-93.153200,
CSIMO005531,107,108,IMSS-BIENESTAR,GUADALUPE VICTORIA (VILLAFLORES),16.348900,-93.138900,
CSIMO005543,108,109,IMSS-BIENESTAR,AMADO NERVO (YAJALÓN),17.229200,-92.244400,
CSIMO005555,108,109,IMSS-BIENESTAR,LÁZARO CÁRDENAS (YAJALÓN),17.197900,-92.381400,
CSIMO005560,109,110,IMSS-BIENESTAR,SAN LUCAS (SAN LUCAS),16.614300,-92.717100,
CSIMO005572,110,111,IMSS-BIENESTAR,ZINACANTÁN,16.761000,-92.722000,
CSIMO005584,110,111,IMSS-BIENESTAR,PASTÉ,16.707800,-92.737300,
CSIMO005596,110,111,IMSS-BIENESTAR,ZEQUENTIC,16.713100,-92.826800,
CSIMO005601,111,112,IMSS-BIENESTAR,SAN JUAN CANCUC,16.890600,-92.371900,
CSIMO005613,111,112,IMSS-BIENESTAR,NICHTEEL,16.948100,-92.428600,
CSIMO005625,111,112,IMSS-BIENESTAR,EL POZO (SAN JUAN CANCUC),16.944400,-92.323800,
CSIMO006045,65,065,IMSS-BIENESTAR,PROFR. ROBERTO BARRIOS,17.297900,-91.894600,
CSIMO006050,52,052,IMSS-BIENESTAR,RIO EUSEBAS,16.343900,-91.468300,
CSIMO006062,34,034,IMSS-BIENESTAR,LOS ANGELES,15.773900,-91.979400,
CSIMO006074,41,041,IMSS-BIENESTAR,SAN JOSÉ BELÉN,16.064700,-92.133600,
CSIMO006083,59,059,IMSS-BIENESTAR,LAS TAZAS,16.757784,-91.612211,
CSIMO006092,59,059,IMSS-BIENESTAR,DAMASCO,17.164444,-91.601389,
CSIMO006101,95,096,IMSS-BIENESTAR,EL LIMAR,17.414722,-92.403056,
CSIMO006110,70,070,IMSS-BIENESTAR,EL PORVENIR DE VELASCO SUÁREZ,15.455556,-92.280556,
CSIMO006125,59,059,IMSS-BIENESTAR,NUEVO MONTE LÍBANO,16.900000,-91.625000,
CSIMO006134,52,052,IMSS-BIENESTAR,NUEVO SAN JUAN CHAMULA (EL PACAYAL),16.145556,-91.444722,
CSIMO006143,34,034,IMSS-BIENESTAR,PASO HONDO,15.681944,-92.017778,
CSIMO006152,89,089,IMSS-BIENESTAR,PAVENCUL,15.201507,-92.177344,
CSIMO006161,73,073,IMSS-BIENESTAR,RAYON,17.200833,-93.011667,
CSIMO006226,8,008,IMSS-BIENESTAR,UNIDAD MEDICA RURAL CIUDAD RURAL JALTENANGO DE LA PAZ,15.884322,-92.706848,
CSIMO006284,17,017,IMSS-BIENESTAR,UNIDAD MEDICA RURAL ADOLFO LOPEZ MATEOS,16.880269,-93.713397,
CSIMO006296,23,023,IMSS-BIENESTAR,UNIDAD MEDICA RURAL NICHNAMTIC,16.749300,-92.540547,
CSIMO006383,52,052,IMSS-BIENESTAR,UNIDAD MEDICA RURAL ABSALON CASTELLANOS DOMINGUEZ,16.533321,-91.799923,
CSIMO006395,23,023,IMSS-BIENESTAR,UNIDAD MEDICA RURAL TENTIC,16.862354,-92.683432,
CSIMO006400,93,093,IMSS-BIENESTAR,KOTOLTE,16.865325,-92.462254,
CSIMS000012,3,003,IMSS,UMF 22 ACAPETAHUA,15.283700,-92.689500,
CSIMS000024,9,009,IMSS,UMF 16 ARRIAGA,16.239800,-93.888000,
CSIMS000036,15,015,IMSS,UMF 12 CACAHOATAN,14.987500,-92.166200,
CSIMS000041,17,017,IMSS,UMF 24 CINTALAPA,16.688100,-93.719700,
CSIMS000053,19,019,IMSS,UMF 18 COMITAN,16.249600,-92.138100,
CSIMS000065,29,029,IMSS,UMF 21 CHICOASEN,16.964600,-93.105200,
CSIMS000070,32,032,IMSS,UMF 26 ESCUINTLA,15.319400,-92.661300,
CSIMS000082,34,034,IMSS,UMF 27 FRONTERA,15.660700,-92.141800,
CSIMS000094,40,040,IMSS,HGSMF 19 HUIXTLA,15.141400,-92.460100,
CSIMS000106,48,048,IMSS,UMF 44 E.JUÁREZ,17.605500,-93.187200,
CSIMS000111,51,051,IMSS,UMF 29 MAPASTEPEC,15.443900,-92.895100,
CSIMS000123,54,054,IMSS,UMF 7 MAZATAN,14.851600,-92.434700,
CSIMS000135,62,062,IMSS,UMF 42 PEÑITAS,17.464200,-93.478800,
CSIMS000140,65,065,IMSS,UMF 45 PALENQUE,17.526100,-91.983600,
CSIMS000152,68,068,IMSS,UMF 43 PICHUCALCO,17.510500,-93.119600,
CSIMS000164,69,069,IMSS,UMF 33 PIJIJIAPAN,15.684100,-93.211200,
CSIMS000176,74,074,IMSS,UMF 40 C. REFORMA,17.865100,-93.159200,
CSIMS000181,78,078,IMSS,UMF 17 S.CRISTOBAL,16.730700,-92.644200,
CSIMS000193,87,087,IMSS,UMF 5 CD. HIDALGO,14.678800,-92.149700,
CSIMS000205,89,089,IMSS,HGZMF 1 TAPACHULA,14.919700,-92.265100,
CSIMS000210,89,089,IMSS,UMF 11 TAPACHULA,14.911600,-92.272900,
CSIMS000222,89,089,IMSS,UMF 6 F.CHAPULTEPEC,14.936500,-92.358800,
CSIMS000234,123,124,IMSS,UMF 41 MAL PASO,17.186800,-93.605900,
CSIMS000246,96,097,IMSS,HGSMF 15 TONALA,16.093500,-93.761200,
CSIMS000251,100,101,IMSS,HGZ 2 TUXTLA GUTIÉRREZ,16.757300,-93.106100,
CSIMS000263,100,101,IMSS,UMF 13 TUXTLA GUTIÉRREZ,16.745700,-93.131400,
CSIMS000275,104,105,IMSS,UMF 4 E.STO. DOMINGO,15.030400,-92.102600,
CSIMS000280,105,106,IMSS,UMF 14 I. PUJILTIC,16.276100,-92.450600,
CSIMS000292,105,106,IMSS,UMF 20 ANGOSTURA,16.404400,-92.766400,
CSIMS000304,107,108,IMSS,UMF 34 V.FLORES,16.237700,-93.270700,
CSIMS000316,100,101,IMSS,UMF 23 TUXTLA GUTIÉRREZ,16.745700,-93.131400,
CSIMS000330,100,101,IMSS,UMF 25 TUXTLA GUTIÉRREZ,0.000000,0.000000,
CSIMS000362,89,089,IMSS,HOSPITAL GENERAL DE ZONA 1 TAPACHULA,14.911000,-92.275300,
CSIMS000374,89,089,IMSS,UNIAD DE MEDICINA FAMILIAR  NO. 1 TAPACHULA,14.920752,-92.266316,
CSIST000012,3,003,ISSSTE,UMF ACAPETAHUA,15.285200,-92.686800,
CSIST000024,9,009,ISSSTE,UMF ARRIAGA,16.240100,-93.887700,
CSIST000036,13,013,ISSSTE,UMF BOCHIL,16.995900,-92.888200,
CSIST000041,15,015,ISSSTE,UMF CACAHOATÁN,14.994500,-92.161700,
CSIST000053,17,017,ISSSTE,UMF CINTALAPA DE FIGUEROA,16.694400,-93.714200,
CSIST000065,19,019,ISSSTE,CH COMITÁN DE DOMÍNGUEZ,16.231077,-92.136199,
CSIST000070,21,021,ISSSTE,UMF COPAINALÁ,17.095900,-93.212900,
CSIST000082,27,027,ISSSTE,UMF CHIAPA DE CORZO,16.702700,-93.009800,
CSIST000094,34,034,ISSSTE,UMF FRONTERA COMALAPA,15.663000,-92.142600,
CSIST000106,40,040,ISSSTE,UMF HUIXTLA,15.133700,-92.460500,
CSIST000111,46,046,ISSSTE,UMF JIQUIPILAS,16.661500,-93.643100,
CSIST000123,51,051,ISSSTE,UMF MAPASTEPEC,15.450500,-92.890300,
CSIST000135,57,057,ISSSTE,UMF MOTOZINTLA DE MENDOZA,15.368700,-92.249000,
CSIST000140,59,059,ISSSTE,UMF OCOSINGO,16.911500,-92.092800,
CSIST000152,61,061,ISSSTE,UMF OCOZOCOAUTLA DE ESPINOSA,16.766800,-93.379300,
CSIST000164,65,065,ISSSTE,UMF PALENQUE,17.500100,-91.985800,
CSIST000176,68,068,ISSSTE,UMF PICHUCALCO,17.514900,-93.115700,
CSIST000181,77,077,ISSSTE,UMF SALTO DE AGUA,17.554500,-92.340400,
CSIST000193,78,078,ISSSTE,CH SAN CRISTÓBAL DE LAS CASAS,16.725283,-92.646497,
CSIST000205,87,087,ISSSTE,UMF CD. HIDALGO,14.677300,-92.151200,
CSIST000210,89,089,ISSSTE,"CH ""DR. ROBERTO NETTEL F.""| TAPACHULA",14.899338,-92.249584,
CSIST000222,91,091,ISSSTE,UMF TAPILULA,17.247500,-93.016200,
CSIST000234,96,097,ISSSTE,UMF TONALÁ,16.081000,-93.769300,
CSIST000246,100,101,ISSSTE,CMF TUXTLA GUTIÉRREZ,16.749500,-93.132100,
CSIST000251,100,101,ISSSTE,"HG ""DR. BELISARIO DOMINGUEZ""| TUXTLA GUTIÉRREZ.",16.750797,-93.129676,
CSIST000263,107,108,ISSSTE,UMF VILLA FLORES,16.243200,-93.270700,
CSIST000275,108,109,ISSSTE,UMF YAJALÓN,17.171400,-92.333100,
CSIST000391,52,052,ISSSTE,UMF LAS MARGARITAS,16.311500,-91.980900,
CSSDN000013,100,101,SEDENA,HOSPITAL MILITAR REGIONAL DE TUXTLA GTZ.| CHIS.,16.747034,-93.095241,
CSSMA000014,89,089,SEMAR,SANATORIO NAVAL DE PTO. CHIAPAS,14.921095,-92.257332,
CSSME000100,89,089,SME,CLINICA DE ATENCION RESPIRATORIA COVID-19 TAPACHULA,14.892611,-92.265889,
CSSME000182,13,013,SME,SUBCOORDINACION MEDICA DE BOCHIL,16.995751,-92.889257,
CSSME000194,40,040,SME,SUBCOORDINACIÓN MEDICA HUIXTLA,15.138135,-92.466378,
CSSME000206,108,109,SME,SUBCOORDINACIÓN MEDICA YAJALON,17.165551,-92.326055,
CSSME000211,34,034,SME,SUBCOORDINACIÓN MÉDICA FRONTERA COMALAPA,15.660420,-92.142576,
CSSME000223,69,069,SME,SUBCOORDINACIÓN MÉDICA PIJIJIPAN,15.678161,-93.213008,
CSSME000235,57,057,SME,SUBCOORDINACIÓN MEDICA MOTOZINTLA,15.367702,-92.250374,
CSSME000240,81,081,SME,SUBCOORDINACIÓN MÉDICA SIMOJOVEL,17.138500,-92.708896,
CSSMP000012,78,078,SMP,MA.  GABRIELA,16.738433,-92.631530,
CSSMP000024,78,078,SMP,HOSPITAL COLONIAL,16.738641,-92.639424,
CSSMP000036,78,078,SMP,SANATORIO  ORNELAS,16.738418,-92.642233,
CSSMP000041,78,078,SMP,HOSPITAL DE LA CARIDAD,16.736976,-92.632509,
CSSMP000053,78,078,SMP,SANATORIO DR. BONILLA,16.731689,-92.635797,
CSSMP000065,78,078,SMP,SERVICIO MÉDICO DR. RIOS,16.728140,-92.654122,
CSSMP000082,107,108,SMP,CLÍNICA SERVICIOS MÉDICOS INTEGRALES MOLINA MORALES| S.A. DE C.V.,16.232360,-93.275506,
CSSMP000094,107,108,SMP,CLÍNICA  DR. RAUL CANCINO,16.236857,-93.263799,
CSSMP000106,107,108,SMP,SERVICIOS MÉDICOS SANTA CATARINA S. A. DE C. V.,16.227220,-93.274830,
CSSMP000111,107,108,SMP,CENTRO MÉDICO FRAILESCANO,16.235839,-93.268173,
CSSMP000123,107,108,SMP,CLÍNICA SAN JOSÉ,16.235185,-93.265749,
CSSMP000135,19,019,SMP,SAN JOSÉ CLÍNICA,16.250291,-92.134709,
CSSMP000140,19,019,SMP,CLINICA SANTA FE ,16.253419,-92.139425,
CSSMP000152,19,019,SMP,SANATORIO SANTA MARGARITA,16.255103,-92.138387,
CSSMP000164,19,019,SMP,SANATORIO ULLOA HIDALGO,16.250922,-92.129791,
CSSMP000176,19,019,SMP,SANATORIO GENOVEVA 2000,16.251089,-92.145268,
CSSMP000181,19,019,SMP,CENTRO MÉDICO DE COMITAN,16.250337,-92.136024,
CSSMP000193,19,019,SMP,SANATORIO FRATERNIDAD,16.249541,-92.132336,
CSSMP000205,19,019,SMP,POLICLÍNICA DE ESPECIALIDADES MEDICAS,16.253746,-92.140752,
CSSMP000210,100,101,SMP,SAN SEBASTIAN,16.746570,-93.127038,
CSSMP000222,100,101,SMP,SANTA LUCIA,16.734264,-93.084179,
CSSMP000234,100,101,SMP,SANATORIO PAREDES,16.754818,-93.124337,
CSSMP000246,100,101,SMP,MARESDAI,16.763613,-93.153656,
CSSMP000251,100,101,SMP,SANTA MORENA,16.757917,-93.099889,
CSSMP000263,100,101,SMP,CENTRO METROPOLITANO,16.760617,-93.113743,
CSSMP000275,100,101,SMP,CLÍNICA DE MATERNIDAD STA. CECILIA,16.749194,-93.159876,
CSSMP000280,100,101,SMP,SANATORIO MUÑOA,16.752615,-93.113847,
CSSMP000292,89,089,SMP,CLÍNICA HOSPITAL DEL SOCORRO,14.900861,-92.261270,
CSSMP000304,89,089,SMP,HOSPITAL METROPOLITANO DEL SUR,14.901821,-92.257173,
CSSMP000321,89,089,SMP,SANATORIO LOURDES,14.910313,-92.262400,
CSSMP000345,89,089,SMP,SANATORIO SOCONUSCO,14.911798,-92.262372,
CSSMP000386,89,089,SMP,CLÍNICA BETESDA,14.921730,-92.378758,
CSSMP000391,12,012,SMP,"CLINICA MEDICA ""DR. FIDENCIO CASTAÑÓN REYES""",16.799377,-93.270963,
CSSMP000403,100,101,SMP,CLÍNICA MEDICA MATERNO INFANTIL,16.752800,-93.116700,
CSSMP000415,100,101,SMP,POLICLÍNICA DE ESPECIALIDADES DE CHIAPAS,16.757642,-93.108965,
CSSMP000420,68,068,SMP,DR. ENRIQUE CONTRERAS,17.513691,-93.119965,
CSSMP000432,68,068,SMP,CLÍNICA LOZANO,17.513692,-93.119966,
CSSMP000444,100,101,SMP,HOSPITAL GINECOLOGICO MARÍA TERESA,16.761514,-93.119224,
CSSMP000456,100,101,SMP,CENTRO MÉDICO ANA ISABEL,16.753423,-93.121635,
CSSMP000461,86,086,SMP,CLÍNICA BETHESDA,16.625650,-93.100957,
CSSMP000473,100,101,SMP,CLÍNICA MÉDICO QUIRURGICA DR. GUIRIS| S.A. DE C.V.,16.749867,-93.094022,
CSSMP000485,100,101,SMP,CLÍNICA BIENESTAR SOCIAL,16.744852,-93.094314,
CSSMP000514,87,087,SMP,CLÍNICA SAN JOSÉ,14.682295,-92.150915,
CSSMP000526,89,089,SMP,SANATORIO SANTA ISABEL,14.914297,-92.261224,
CSSMP000531,59,059,SMP,POLICLÍNICA SAN JACINTO,16.909209,-92.089914,
CSSMP000543,4,004,SMP,HOSPITAL SAN CARLOS,16.731023,-92.041037,
CSSMP000555,89,089,SMP,CLÍNICA GUADALUPE,14.908268,-92.258137,
CSSMP000572,89,089,SMP,CEDIS HOSPITALIZACIÓN S.A. DE C.V.,14.913486,-92.260092,
CSSMP000584,96,097,SMP,CLINICA VILLA DE GUADALUPE,16.088798,-93.764635,
CSSMP000596,69,069,SMP,SANATORIO ARGEL,14.924753,-92.254992,
CSSMP000601,69,069,SMP,CLINICA SAN JOSE,15.680209,-93.210570,
CSSMP000613,69,069,SMP,CLINICA DR. WALTER CHIU LARA,15.685972,-93.207370,
CSSMP000625,69,069,SMP,CLINICA SAN MARTIN,15.683105,-93.209686,
CSSMP000630,69,069,SMP,SANATORIO MONSERRAT,15.689022,-93.206631,
CSSMP000642,96,097,SMP,CLÍNICA SAN FRANCISCO,16.087353,-93.753983,
CSSMP000654,96,097,SMP,SANATORIO PRIVADO CHANTAL,16.083925,-93.753697,
CSSMP000666,96,097,SMP,CENTRAL MÉDICA QUIRÚRGICA,16.087189,-93.751242,
CSSMP000695,100,101,SMP,ATENCIÓN MÉDICA DEL TRANSPORTE,0.000000,0.000000,
CSSMP000700,34,034,SMP,CLINICA MATERNO INFANTIL CLARA LUZ,15.658882,-92.135697,
CSSMP000712,100,101,SMP,CLINICA MORENO DE CHIAPAS S. A. DE C.V.,16.756155,-93.106053,
CSSMP000724,100,101,SMP,CLINICA MEDICA PENSIL,16.740930,-93.093192,
CSSMP000736,100,101,SMP,CENTRO REGIONAL ESPECIALIZADO EN MEDICINA REPRODUCTIVA Y CIRUGIA ENDOSCOPICA AVANZADA,16.763559,-93.157849,
CSSMP000741,100,101,SMP,SANATORIO ROJAS|  S. A. DE C. V.,16.753309,-93.129012,
CSSMP000753,100,101,SMP,CLINICA SANTA ROSA,16.747928,-93.119085,
CSSMP000765,100,101,SMP,CLINICA SAN FRANCISCO,16.740886,-93.117543,
CSSMP000770,100,101,SMP,SANATORIO ARANDA GONZÁLES S. A. DE C. V.,16.746572,-93.083710,
CSSMP000782,100,101,SMP,SANATORIO LA DIVINA PROVIDENCIA,16.742432,-93.120657,
CSSMP000794,100,101,SMP,UNIDAD MEDICA 24 HRS. CORAZÓN DE MARÍA,16.764545,-93.129546,
CSSMP000811,100,101,SMP,CLINICA MEDICA MALIBU TERAN S.A. DE C.V.,16.747491,-93.160435,
CSSMP000823,100,101,SMP,SANATORIO MATERNIDAD ALBANIA,16.771539,-93.106927,
CSSMP000835,100,101,SMP,INSTITUTO CARDIOVASCULAR METROPOLITANO DE TUXTLA|  S. A. DE C. V.,16.760107,-93.114526,
CSSMP000853,107,108,SMP,CLINICA DR. FARRERA GRAJALES,16.230875,-93.278500,
CSSMP000871,89,089,SMP,HOSPITAL SANTA FE DEL SOCONUSCO,14.894634,-92.249870,
CSSMP002194,100,101,SMP,SAN LUCAS CARDIOLÓGICA DEL SURESTE S. A. DE C. V.,16.723508,-93.108034,
CSSMP002206,89,089,SMP,CENTRO CHIAPANECO DEL RIÑON S.A. DE C. V.,14.913611,-92.260000,
CSSMP002211,100,101,SMP,CENTRO CHIAPANECO DEL RIÑON S. A. DE C. V.,16.753056,-93.128889,
CSSMP002235,59,059,SMP,SANATORIO DAMAS GONZALEZ,16.910686,-92.086067,
CSSMP002240,89,089,SMP,CLÍNICA DE UROLOGÍA DE LA COSTA DE CHIAPAS| S.A. DE C. V.,14.913549,-92.259410,
CSSMP002433,107,108,SMP,KALEMS MEDICAL CENTER ,16.236008,-93.272997,
CSSMP002445,100,101,SMP,CONSULTORIO DE MEDICINA GENERAL,16.748542,-93.103421,
CSSMP002532,78,078,SMP,HOSPITAL Y CENTRO MÉDICO SAN CRISTOBAL,16.708526,-92.644357,
CSSMP002544,100,101,SMP,CONSULTORIO MEDICO,16.752399,-93.109939,
CSSMP002556,89,089,SMP,MEDICA SAN ÁNGEL HOSPITAL DE ESPECIALIDADES,14.903130,-92.259625,
CSSMP002561,100,101,SMP,MEDICA MAVEL,16.748690,-93.105286,
CSSMP002585,78,078,SMP,ACACIAS MEDICAL CENTER,16.730856,-92.639115,
CSSMP002602,89,089,SMP,CLINICA LAS FLORES,14.883070,-92.269109,
CSSMP002614,100,101,SMP,CLINICA SAN MARCOS,16.749251,-93.167515,
CSSMP002783,19,019,SMP,ESPAZIO PEDIATRICO,16.250549,-92.140339,
CSSMP002795,61,061,SMP,CLINICA SAN PEDRO,16.759359,-93.374348,
CSSMP002800,100,101,SMP,SANATORIO SANTA SOFIA,16.746620,-93.121100,
CSSMP002906,100,101,SMP,CENTRO MEDICO SION S.A  DE C.V,16.749818,-93.098230,
CSSMP002911,100,101,SMP,HOSPITAL SAN EDUARDO S.A. DE C.V.,16.749068,-93.126523,
CSSMP002976,100,101,SMP,CLINICA DE ESPECIALIDADES MONTREAL| S. A. DE C. V.,16.765090,-93.084885,
CSSMP002981,100,101,SMP,CENTRO MEDICO INTEGRAL Y HOSPITALARIO CASO| S.A. DE C.V.,16.746228,-93.072610,
CSSMP002993,100,101,SMP,UNIDAD MEDICA Y DE DIAGNOSTICO,16.758129,-93.134850,
CSSMP003063,57,057,SMP,SANATORIO MORALES,15.365950,-92.249070,
CSSMP003075,100,101,SMP,CLINICA SANTA FE,16.750263,-93.127449,
CSSMP003080,100,101,SMP,HOSPITAL MANZUR,16.760188,-93.109320,
CSSMP003116,100,101,SMP,CLINICA DEL VALLE,16.773155,-93.100199,
CSSMP003121,100,101,SMP,SERVICIO HOSPITALARIO ARBOLEDAS S. A. DE C. V.,16.759030,-93.131350,
CSSMP003145,100,101,SMP,SERVICIOS DE SALUD TUXTLA| S. C.,16.757836,-93.113355,
CSSSA000033,1,001,SSA,LAS BRISAS,15.341651,-92.680193,
CSSSA000045,2,002,SSA,H. B. C. DR. MANUEL VELASCO SUAREZ ACALA,16.556405,-92.815191,
CSSSA000050,2,002,SSA,VILLA DE ACALA,16.559000,-92.804900,
CSSSA000086,3,003,SSA,CENTRO DE SALUD ACAPETAHUA,15.280536,-92.690452,
CSSSA000091,3,003,SSA,BARRA DE ZACAPULCO,15.195060,-92.884743,
CSSSA000103,3,003,SSA,EJIDO LAS MURALLAS,15.267016,-92.847315,
CSSSA000173,4,004,SSA,BIENES COMUNALES LA LAGUNA,16.692600,-91.951900,
CSSSA000243,5,005,SSA,GUADALUPE VICTORIA,17.369100,-92.873200,
CSSSA000284,5,005,SSA,REFORMA Y PLANADA,17.387100,-92.865900,
CSSSA000325,6,006,SSA,FRANCISCO I. MADERO,15.513769,-92.088463,
CSSSA000354,6,006,SSA,PACAYAL FRONTERA,15.598000,-92.041000,
CSSSA000371,6,006,SSA,RÍO GUERRERO,15.579278,-92.151047,
CSSSA000383,6,006,SSA,20 DE NOVIEMBRE,15.562712,-92.078731,
CSSSA000412,8,008,SSA,H. B. C. DE ÁNGEL ALBINO CORZO,15.872427,-92.717135,
CSSSA000436,8,008,SSA,NUEVA INDEPENDENCIA,15.672500,-92.577800,
CSSSA000453,9,009,SSA,HOSPITAL GENERAL JUÁREZ ARRIAGA,16.241433,-93.887308,
CSSSA000465,9,009,SSA,ARRIAGA,16.233200,-93.904100,
CSSSA000482,9,009,SSA,LA AZTECA,16.215000,-93.942700,
CSSSA000506,9,009,SSA,PESQUERÍA LA GLORIA,16.149800,-94.093000,
CSSSA000511,9,009,SSA,LÁZARO CÁRDENAS,16.289600,-93.977300,
CSSSA000523,9,009,SSA,PESQUERÍA LA LÍNEA,16.131500,-94.032200,
CSSSA000535,9,009,SSA,NICOLÁS BRAVO,16.267900,-93.915700,
CSSSA000576,10,010,SSA,OJO DE AGUA CENTRO,15.496100,-92.173100,
CSSSA000581,11,011,SSA,BELLAVISTA,15.584000,-92.246400,
CSSSA000610,11,011,SSA,NUEVO PACAYAL,15.661400,-92.316900,
CSSSA000622,11,011,SSA,SAN JOSÉ CHICHARRAS,15.643300,-92.206600,
CSSSA000634,11,011,SSA,LAS CHICHARRAS,15.670600,-92.209800,
CSSSA000646,11,011,SSA,OJO DE AGUA CÁRDENAS,15.615000,-92.183900,
CSSSA000651,12,012,SSA,CENTRO DE SALUD URBANO BERRIOZABAL,16.797759,-93.266280,
CSSSA000745,14,014,SSA,EL BOSQUE,17.062700,-92.720600,
CSSSA000750,14,014,SSA,CHAVAJEVAL,17.047300,-92.684800,
CSSSA000791,16,016,SSA,PLAYAS DE CATAZAJÁ,17.723300,-92.011200,
CSSSA000820,16,016,SSA,C.S. VILLA FRACCIONAMIENTO EL ROSARIO,17.805500,-92.100300,
CSSSA000832,17,017,SSA,H. B. C. DE CINTALAPA DE FIGUEROA,16.681849,-93.730611,
CSSSA000861,17,017,SSA,FCO. I. MADERO,16.802800,-93.757100,
CSSSA000873,17,017,SSA,LIC. GUSTAVO DÍAZ ORDAZ,0.000000,0.000000,
CSSSA000885,17,017,SSA,CS. 1 NUEVA TENOCHTITLAN,16.476900,-94.082900,
CSSSA000890,17,017,SSA,POMPOSO CASTELLANOS,16.592100,-93.867700,
CSSSA000914,17,017,SSA,VISTAHERMOSA,16.520000,-93.961600,
CSSSA000972,17,017,SSA,EMILIANO ZAPATA,16.865800,-93.684900,
CSSSA001001,18,018,SSA,LIC. BUENAVISTA MATA SANOS,17.109300,-93.067100,
CSSSA001030,19,019,SSA,HOSPITAL GENERAL MARÍA IGNACIA GANDULFO COMITAN,16.246124,-92.129627,
CSSSA001042,19,019,SSA,COMITÁN DE DOMÍNGUEZ,16.250300,-92.125500,
CSSSA001112,19,019,SSA,PRIMERO DE MAYO,16.282200,-92.029900,
CSSSA001170,19,019,SSA,STA. ROSALÍA,16.475300,-92.247800,
CSSSA001182,20,020,SSA,NUEVA CONCORDIA,16.117900,-92.688000,
CSSSA001194,20,020,SSA,BENITO JUÁREZ,16.044300,-92.816900,
CSSSA001211,20,020,SSA,DOLORES JALTENANGO,15.896900,-92.778300,
CSSSA001223,20,020,SSA,GUADALUPE VICTORIA,16.009500,-92.894600,
CSSSA001252,20,020,SSA,REFORMA,15.920000,-92.664300,
CSSSA001276,20,020,SSA,DIAMANTE DE ECHEVERRÍA,16.112400,-92.880500,
CSSSA001281,20,020,SSA,EL ÁMBAR DE ECHEVERRÍA,16.097000,-92.832900,
CSSSA001322,21,021,SSA,COPAINALÁ,17.094500,-93.212500,
CSSSA001433,23,023,SSA,ICALUMTIC,16.864200,-92.658400,
CSSSA001445,23,023,SSA,JOMALHO,16.839400,-92.718700,
CSSSA001450,23,023,SSA,RANCHO NARVÁEZ,16.798300,-92.755000,
CSSSA001462,23,023,SSA,ROMERILLO,16.764400,-92.567400,
CSSSA001474,23,023,SSA,SACLAMANTÓN,16.788400,-92.635100,
CSSSA001520,23,023,SSA,MAJOMUT,16.849100,-92.659400,
CSSSA001532,24,024,SSA,CHANAL,16.657900,-92.260200,
CSSSA001561,26,026,SSA,CHENALHÓ,16.894800,-92.626500,
CSSSA001573,26,026,SSA,BELISARIO DOMÍNGUEZ,16.891400,-92.661000,
CSSSA001585,26,026,SSA,CHIMIX DOS,17.013900,-92.525000,
CSSSA001602,26,026,SSA,COLONIA PUEBLA,16.915900,-92.503900,
CSSSA001614,26,026,SSA,YABTECLUM PUEBLO NUEVO,16.939600,-92.567400,
CSSSA001626,27,027,SSA,CHIAPA DE CORZO,16.704500,-93.013100,
CSSSA001631,27,027,SSA,RIBERA EL AMATAL,16.636100,-92.996600,
CSSSA001672,27,027,SSA,NARCISO MENDOZA,16.579500,-92.989700,
CSSSA001771,30,030,SSA,LA PINTA,15.742500,-92.442700,
CSSSA001795,30,030,SSA,MONTE SINAÍ,15.688700,-92.365900,
CSSSA001812,30,030,SSA,NUEVA GRECIA,15.803400,-92.407100,
CSSSA001836,31,031,SSA,AURORA GRANDE,17.133600,-92.354800,
CSSSA001841,31,031,SSA,BACHAJÓN,17.034700,-92.181400,
CSSSA001911,31,031,SSA,JOL-SACJÚN,17.113900,-91.857100,
CSSSA001940,31,031,SSA,MEQUEJA,16.957900,-92.235800,
CSSSA001952,31,031,SSA,PAMAL NAVIL,17.084000,-91.802800,
CSSSA001976,31,031,SSA,PINABETAL,16.951600,-92.252500,
CSSSA002010,31,031,SSA,JUNA SABINES VERAPAZ,17.076600,-92.311700,
CSSSA002080,31,031,SSA,SACJÚN CUWITZ,17.127500,-91.939900,
CSSSA002104,31,031,SSA,CURVA LIQUILWITZ,17.099900,-91.991700,
CSSSA002145,31,031,SSA,SAN ANTONIO BULUJIB,16.996200,-92.297200,
CSSSA002203,32,032,SSA,CENTRO DE SALUD CON HOSPITALIZACIÓN (ESCUINTLA),15.315365,-92.662680,
CSSSA002244,32,032,SSA,SAN FELIPE TIZAPA,15.276019,-92.615968,
CSSSA002256,32,032,SSA,EL TRIUNFO,15.351201,-92.548768,
CSSSA002261,32,032,SSA,CENTRO DE SALUD MANACAL LLANO GRANDE,15.323580,-92.506869,
CSSSA002273,33,033,SSA,SAN JOSÉ MASPAC,17.296400,-93.310800,
CSSSA002290,33,033,SSA,VICENTE GUERRERO,17.290900,-93.208500,
CSSSA002314,34,034,SSA,FRONTERA COMALAPA,15.658400,-92.144200,
CSSSA002331,34,034,SSA,CD. CUAUHTÉMOC,15.665400,-92.003600,
CSSSA002384,34,034,SSA,VERAPAZ,15.710700,-92.060400,
CSSSA002401,35,035,SSA,FRONTERA HIDALGO,14.781167,-92.176886,
CSSSA002430,37,037,SSA,HUEHUETÁN,15.017011,-92.386024,
CSSSA002483,38,038,SSA,LÁZARO CÁRDENAS CHILIL,16.675800,-92.489100,
CSSSA002500,38,038,SSA,SAN PEDRO PEDERNAL,16.662800,-92.322100,
CSSSA002512,38,038,SSA,SAN PEDRO LA TEJERÍA,16.728900,-92.509700,
CSSSA002524,38,038,SSA,YALCUC,16.642800,-92.419700,
CSSSA002570,39,039,SSA,EL OCOTAL,17.205600,-92.750600,
CSSSA002594,39,039,SSA,ZACATONAL DE JUÁREZ,17.270200,-92.798200,
CSSSA002611,40,040,SSA,HOSPITAL GENERAL HUIXTLA,15.145903,-92.457536,
CSSSA002623,40,040,SSA,CENTRO DE SALUD URBANO HUIXTLA,15.146223,-92.456534,
CSSSA002664,40,040,SSA,JOSÉ MARÍA MORELOS Y PAVÓN,15.235875,-92.465734,
CSSSA002722,41,041,SSA,ROSARIO BADENIA,16.201100,-91.668900,
CSSSA002734,41,041,SSA,EMILIANO ZAPATA,16.181900,-91.964700,
CSSSA002763,41,041,SSA,LA PATRIA,16.231700,-91.916400,
CSSSA002780,42,042,SSA,IXHUATÁN,17.293100,-93.008900,
CSSSA002816,43,043,SSA,IXTACOMITÁN,17.432400,-93.098900,
CSSSA002862,44,044,SSA,IXTAPA,16.800800,-92.901100,
CSSSA002932,46,046,SSA,CENTRO DE SALUD JIQUIPILAS,16.675506,-93.644231,
CSSSA002956,46,046,SSA,JOSÉ MARÍA PINO SUÁREZ,16.504700,-93.741900,
CSSSA002973,46,046,SSA,CENTRO DE SALUD NUEVA PALESTINA,16.493900,-93.633900,
CSSSA002985,46,046,SSA,ANDRÉS QUINTANA ROO,16.605000,-93.560500,
CSSSA002990,46,046,SSA,TILTEPEC,16.394200,-93.868000,
CSSSA003026,46,046,SSA,BENITO JUÁREZ,16.776400,-93.609900,
CSSSA003084,48,048,SSA,JUÁREZ,17.609300,-93.194800,
CSSSA003096,48,048,SSA,EJIDO IGNACIO ALLENDE,17.719700,-93.348500,
CSSSA003113,49,049,SSA,SAN ANDRÉS LARRAINZAR,16.884600,-92.713900,
CSSSA003125,49,049,SSA,BAYALEMHO DOS,16.932200,-92.765600,
CSSSA003130,49,049,SSA,STENLEJSOSTETIC,16.924700,-92.821300,
CSSSA003171,50,050,SSA,LA LIBERTAD,17.689200,-91.721200,
CSSSA003200,51,051,SSA,MAPASTEPEC,15.439477,-92.894475,
CSSSA003265,52,052,SSA,H. B. C. DE LAS MARGARITAS,16.320459,-91.977010,
CSSSA003270,52,052,SSA,AMPARO AGUA TINTA,16.135300,-91.490600,
CSSSA003294,52,052,SSA,GABRIEL LEYVA VELÁZQUEZ,16.461400,-91.836000,
CSSSA003306,52,052,SSA,IGNACIO ZARAGOZA,16.353500,-91.918000,
CSSSA003311,52,052,SSA,JALISCO,16.430300,-91.976300,
CSSSA003323,52,052,SSA,JUSTO SIERRA,16.543900,-92.056400,
CSSSA003393,52,052,SSA,SAN ISIDRO,16.327500,-91.637900,
CSSSA003492,52,052,SSA,JERUSALEM,16.174600,-91.384800,
CSSSA003603,53,053,SSA,MAZAPA DE MADERO,15.390300,-92.187800,
CSSSA003615,53,053,SSA,GRANADOS TALCANAQUE,15.280400,-92.211000,
CSSSA003702,56,056,SSA,MITONTIC,16.860700,-92.627500,
CSSSA003714,56,056,SSA,CHALAM,16.887200,-92.550200,
CSSSA003726,57,057,SSA,MOTOZINTLA DE MENDOZA,15.369700,-92.240400,
CSSSA003743,57,057,SSA,FRANCISCO I. MADERO,15.341200,-92.420700,
CSSSA003755,57,057,SSA,SANTA ANA PINABETO,15.213100,-92.237700,
CSSSA003760,57,057,SSA,RINCÓN DEL BOSQUE,15.343100,-92.443500,
CSSSA003796,57,057,SSA,MIGUEL ALEMÁN,15.364200,-92.416800,
CSSSA003842,59,059,SSA,OCOSINGO,16.906400,-92.094900,
CSSSA003912,59,059,SSA,NAZARETH,16.976700,-91.911500,
CSSSA003970,59,059,SSA,YAXOQUIMTELA,16.908600,-91.731000,
CSSSA004006,59,059,SSA,CONGREGACION VIRGINIA,16.877200,-92.174300,
CSSSA004011,59,059,SSA,SANTA ELENA,16.600600,-91.498500,
CSSSA004035,59,059,SSA,NUEVA PALESTINA,16.819100,-91.261000,
CSSSA004040,59,059,SSA,FRONTERA COROZAL,16.814200,-90.883200,
CSSSA004064,59,059,SSA,RAMÓN F. BALBOA,16.471700,-91.403100,
CSSSA004076,59,059,SSA,SANTO DOMINGO,17.025500,-91.415700,
CSSSA004105,59,059,SSA,NUEVA MORELIA,16.822800,-91.910700,
CSSSA004122,59,059,SSA,SAN JUAN RÓMULO CALZADA,16.631900,-91.611400,
CSSSA004146,59,059,SSA,LA TRINIDAD,16.781900,-91.619500,
CSSSA004163,59,059,SSA,CHAVARICO LAS PALMAS,16.949400,-91.805300,
CSSSA004216,59,059,SSA,LA SOLEDAD,16.508100,-91.447500,
CSSSA004250,59,059,SSA,PATIHUITZ,16.738600,-91.736500,
CSSSA004291,61,061,SSA,OCOZOCOAUTLA,16.757700,-93.379000,
CSSSA004320,61,061,SSA,HERMENEGILDO GALEANA,16.576400,-93.359900,
CSSSA004443,62,062,SSA,PLAN DE AYALA,17.474000,-93.486500,
CSSSA004496,64,064,SSA,OXCHUC,16.784600,-92.341700,
CSSSA004530,64,064,SSA,MESBILJA,16.798900,-92.247900,
CSSSA004542,64,064,SSA,EL NIZ,16.707500,-92.213300,
CSSSA004566,64,064,SSA,TZONTEALJA,16.890800,-92.317700,
CSSSA004583,64,064,SSA,GUADALUPE BACJA,16.772800,-92.208800,
CSSSA004595,65,065,SSA,HOSPITAL GENERAL PALENQUE,17.507697,-91.988442,
CSSSA004600,65,065,SSA,PALENQUE,17.502600,-91.985600,
CSSSA004641,65,065,SSA,LÁZARO CÁRDENAS,17.361100,-91.551500,
CSSSA004665,65,065,SSA,EL NARANJO,17.460200,-92.066600,
CSSSA004670,65,065,SSA,NUEVA ESPERANZA 1ª SECCIÓN,17.698800,-92.187400,
CSSSA004694,65,065,SSA,RÍO CHANCALÁ,17.334000,-91.683600,
CSSSA004723,65,065,SSA,SAN MARTÍN CHAMIZAL,17.263600,-91.606000,
CSSSA004752,65,065,SSA,LA UNIÓN,0.000000,0.000000,
CSSSA004764,65,065,SSA,ROBERTO BARRIOS,17.325500,-91.925700,
CSSSA004776,65,065,SSA,MIGUEL HIDALGO,17.531100,-91.821900,
CSSSA004793,65,065,SSA,SATURNINO RÍOS,17.629400,-92.200700,
CSSSA004810,65,065,SSA,CHOCOLJAITO,17.268400,-91.734000,
CSSSA004822,65,065,SSA,EBEN EZER,17.249100,-91.988500,
CSSSA004834,65,065,SSA,NUEVA ESPERANZA PROGRESISTA,17.108300,-91.379000,
CSSSA004916,67,067,SSA,CARRIZAL,17.160600,-93.076900,
CSSSA004945,68,068,SSA,HOSPITAL GENERAL PICHUCALCO,17.514011,-93.120601,
CSSSA004950,68,068,SSA,PICHUCALCO,17.514700,-93.117700,
CSSSA005003,68,068,SSA,TECTUAPAN,17.445700,-93.158800,
CSSSA005015,68,068,SSA,IGNACIO ZARAGOZA,17.531100,-93.319900,
CSSSA005020,69,069,SSA,CENTRO DE SALUD URBANO PIJIJIAPAN,15.692683,-93.210628,
CSSSA005032,69,069,SSA,LAS BRISAS,15.516500,-93.117400,
CSSSA005056,69,069,SSA,EL CARMEN,15.577000,-93.128600,
CSSSA005061,69,069,SSA,NUEVA COAPA ECHEGARAY,15.622800,-93.166800,
CSSSA005073,69,069,SSA,HERMENEGILDO GALEANA,15.552000,-93.007900,
CSSSA005085,69,069,SSA,JOAQUÍN AMARO (EJIDO TAMAULIPAS),15.770700,-93.406600,
CSSSA005131,69,069,SSA,SAN ISIDRO,15.742900,-93.353100,
CSSSA005155,69,069,SSA,EJIDO LA ESPERANZA (ZAPOTAL),15.449200,-93.164600,
CSSSA005242,69,069,SSA,NUEVO MILENIO SANTA CRUZ,15.742600,-93.284000,
CSSSA005254,70,070,SSA,ZAPOTILLO,15.426900,-92.285300,
CSSSA005266,71,071,SSA,VILLA COLMALTITLÁN,15.212063,-92.575288,
CSSSA005341,72,072,SSA,PUEBLO NUEVO SOLISTAHUACÁN,17.159800,-92.898800,
CSSSA005353,72,072,SSA,ARROYO GRANDE,17.190300,-92.871400,
CSSSA005435,73,073,SSA,RAYÓN,17.201800,-93.008400,
CSSSA005464,74,074,SSA,CENTRO DE SALUD URBANO REFORMA| CHIAPAS,17.862547,-93.150704,
CSSSA005493,74,074,SSA,MACAYO 2A. SECCIÓN,17.975300,-93.274900,
CSSSA005510,75,075,SSA,LAS ROSAS,16.360800,-92.368900,
CSSSA005546,75,075,SSA,CHIPILINAR,16.329200,-92.420600,
CSSSA005580,76,076,SSA,LOS NARANJOS,17.264100,-92.619100,
CSSSA005592,76,076,SSA,EL PARAÍSO,17.246400,-92.556900,
CSSSA005621,76,076,SSA,ATOYAC NAYLUM,17.362200,-92.684600,
CSSSA005645,77,077,SSA,HOSPITAL BÁSICO COMUNITARIO SALTO DE AGUA,17.552807,-92.338727,
CSSSA005650,77,077,SSA,ARROYO PALENQUE,17.391800,-92.105000,
CSSSA005662,77,077,SSA,IGNACIO ZARAGOZA,17.409700,-92.030700,
CSSSA005686,77,077,SSA,NUEVO MUNDO *,17.313300,-91.964400,
CSSSA005720,77,077,SSA,RÍO JORDÁN,17.244100,-91.934600,
CSSSA005732,77,077,SSA,VICENTE GUERRERO,17.308900,-92.052100,
CSSSA005756,77,077,SSA,SAN PEDRO SABANA,17.394200,-92.213700,
CSSSA005773,78,078,SSA,HOSPITAL DE LA MUJER SAN CRISTÓBAL DE LAS CASAS,16.733136,-92.636849,
CSSSA005785,78,078,SSA,SAN CRISTÓBAL DE LAS CASAS| CHIAPAS,16.718800,-92.640700,
CSSSA005814,78,078,SSA,MITZITÓN,16.646900,-92.546300,
CSSSA005843,79,079,SSA,SAN FERNANDO,16.874700,-93.208300,
CSSSA005901,80,080,SSA,SILTEPEC,15.549400,-92.320500,
CSSSA005913,80,080,SSA,SANTO DOMINGO LA CASCADA,15.490400,-92.401400,
CSSSA005942,124,125,SSA,EL LETRERO,15.515600,-92.468800,
CSSSA005966,80,080,SSA,SAN ANTONIO LA PINADA,15.615100,-92.323200,
CSSSA005983,119,120,SSA,SANTA MARÍA,15.554000,-92.636600,
CSSSA006094,81,081,SSA,CENTRO DE SALUD SIMOJOVEL| CHIAPAS,17.138942,-92.708656,
CSSSA006140,81,081,SSA,EJIDO CONSTITUCIÓN,17.074100,-92.522400,
CSSSA006205,82,082,SSA,GOLONCHÁN VIEJO,17.031700,-92.385000,
CSSSA006210,82,082,SSA,SANTA BÁRBARA,17.032500,-92.354300,
CSSSA006234,82,082,SSA,PAMALÁ PICOTÉ,17.061100,-92.396700,
CSSSA006263,83,083,SSA,SOCOLTENANGO,16.235000,-92.349300,
CSSSA006333,84,084,SSA,CERRO DE LAS CAMPANAS,17.333400,-92.972600,
CSSSA006345,86,086,SSA,SUCHIAPA,16.621400,-93.104600,
CSSSA006350,86,086,SSA,PACÚ,16.633600,-93.133200,
CSSSA006362,87,087,SSA,CIUDAD HIDALGO,14.681148,-92.150437,
CSSSA006415,89,089,SSA,TAPACHULA SANTA CLARA,14.880155,-92.250473,
CSSSA006420,89,089,SSA,VILLA DE LAS FLORES (TAPACHULA),14.883698,-92.272206,
CSSSA006432,89,089,SSA,TAPACHULA INDECO CEBADILLA,14.877881,-92.265347,
CSSSA006444,89,089,SSA,TAPACHULA DE CÓRDOBA Y ORDÓÑEZ,14.917124,-92.260894,
CSSSA006456,89,089,SSA,ÁLVARO OBREGÓN,14.919719,-92.378679,
CSSSA006461,89,089,SSA,CARRILLO PUERTO,15.011142,-92.196612,
CSSSA006473,89,089,SSA,CEBADILLA 2A. SECCIÓN,14.824125,-92.313741,
CSSSA006485,89,089,SSA,EL EDÉN,15.060540,-92.300549,
CSSSA006502,89,089,SSA,LLANO DE LA LIMA,14.866964,-92.298529,
CSSSA006526,89,089,SSA,JOSÉ MARÍA MORELOS,14.786324,-92.400505,
CSSSA006531,89,089,SSA,PUERTO MADERO,14.712590,-92.417943,
CSSSA006543,89,089,SSA,RAYMUNDO ENRÍQUEZ,14.865684,-92.313049,
CSSSA006572,89,089,SSA,C.S. TINAJAS 1A. SECCIÓN,14.712619,-92.339760,
CSSSA006601,89,089,SSA,VIVA MÉXICO,14.907820,-92.327352,
CSSSA006695,92,092,SSA,TECPATAN,17.134300,-93.310500,
CSSSA006736,92,092,SSA,FRANCISCO I. MADERO,17.212800,-93.391400,
CSSSA006741,123,124,SSA,GUSTAVO DÍAZ ORDAZ,17.159700,-93.483600,
CSSSA006765,123,124,SSA,RAUDALES MALPASO,17.217700,-93.618600,
CSSSA006835,93,093,SSA,TENEJAPA,16.820200,-92.507700,
CSSSA006840,93,093,SSA,MATZAM,16.788100,-92.475400,
CSSSA006852,93,093,SSA,SHISHINTONIL,16.848000,-92.479900,
CSSSA006876,94,094,SSA,TEOPISCA,16.540500,-92.473700,
CSSSA006905,94,094,SSA,BETANIA,16.607000,-92.521000,
CSSSA006934,95,096,SSA,H. B. C. DE TILA,17.313151,-92.428340,
CSSSA006946,95,096,SSA,TILA,17.299700,-92.427700,
CSSSA006951,95,096,SSA,ÁLVARO OBREGÓN,17.444700,-92.547100,
CSSSA007004,95,096,SSA,USIPA,17.501400,-92.438000,
CSSSA007033,95,096,SSA,NUEVO LIMAR,17.453300,-92.395700,
CSSSA007050,95,096,SSA,JOLJA TIONTIEPA,17.312500,-92.486500,
CSSSA007062,95,096,SSA,WILLIS 2ª SECCIÓN,17.325587,-92.490235,
CSSSA007074,96,097,SSA,HOSPITAL GENERAL DR. JUAN C. CORZO TONALÁ,16.089905,-93.744865,
CSSSA007091,96,097,SSA,PUERTO ARISTA,15.933800,-93.810600,
CSSSA007115,96,097,SSA,CABEZA DE TORO,15.934400,-93.779600,
CSSSA007144,96,097,SSA,IGNACIO RAMÍREZ,16.109800,-93.871300,
CSSSA007161,96,097,SSA,NOYOLA,16.037800,-93.767100,
CSSSA007185,96,097,SSA,PUEBLO NUEVO,15.852200,-93.654600,
CSSSA007226,96,097,SSA,EJIDO MORELOS (ESTACIÓN MOJARRAS),15.865100,-93.632700,
CSSSA007260,97,098,SSA,TOTOLAPA,16.542900,-92.674300,
CSSSA007284,98,099,SSA,LA TRINITARIA,16.132400,-92.047600,
CSSSA007296,98,099,SSA,ÁLVARO OBREGÓN,16.101900,-91.844700,
CSSSA007313,98,099,SSA,CRISTÓBAL COLÓN,15.830600,-91.898100,
CSSSA007325,98,099,SSA,HIDALGO,16.102600,-91.785500,
CSSSA007371,98,099,SSA,TZISCAO,16.084100,-91.668500,
CSSSA007412,98,099,SSA,LA GLORIA,15.963900,-91.965000,
CSSSA007424,98,099,SSA,FLOR DE MAYO,15.853100,-92.007800,
CSSSA007453,98,099,SSA,NUEVA LIBERTAD (EL COLORADO),15.890900,-92.047100,
CSSSA007470,98,099,SSA,NUEVO LLANO GRANDE,15.825900,-91.923500,
CSSSA007506,99,100,SSA,IGNACIO ALLENDE,17.248600,-92.148900,
CSSSA007511,99,100,SSA,CACAHUATAL,17.320500,-92.225400,
CSSSA007523,99,100,SSA,EMILIANO ZAPATA,17.336800,-92.292300,
CSSSA007535,99,100,SSA,BENITO JUÁREZ,17.257700,-92.256000,
CSSSA007540,100,101,SSA,HOSPITAL REGIONAL DR. RAFAEL PASCASIO GAMBOA TUXTLA,16.745881,-93.116930,
CSSSA007576,100,101,SSA,TUXTLA (COL. SANTA CRUZ),16.784500,-93.109100,
CSSSA007581,100,101,SSA,BIENESTAR SOCIAL,16.744900,-93.090700,
CSSSA007593,100,101,SSA,PLAN DE AYALA,16.764300,-93.183700,
CSSSA007605,100,101,SSA,ALBANIA (EL VALLE),16.772800,-93.102000,
CSSSA007610,100,101,SSA,PATRIA NUEVA,16.763700,-93.073100,
CSSSA007622,100,101,SSA,TERAN,16.753000,-93.166300,
CSSSA007646,100,101,SSA,COPOYA,16.710000,-93.122700,
CSSSA007651,100,101,SSA,EL JOBO,16.704900,-93.108000,
CSSSA007663,101,102,SSA,TUXTLA CHICO,14.939111,-92.160654,
CSSSA007680,101,102,SSA,C.S. PRIMERA SECCIÓN DE MEDIO MONTE,14.903157,-92.204892,
CSSSA007745,102,103,SSA,C.S. ISLAMAPA,15.068604,-92.437364,
CSSSA007786,103,104,SSA,FELIPE ÁNGELES,16.012200,-92.228200,
CSSSA007791,103,104,SSA,OCHUSJOB,16.220400,-92.253200,
CSSSA007820,104,105,SSA,UNIÓN JUÁREZ,15.063052,-92.080909,
CSSSA007844,105,106,SSA,VENUSTIANO CARRANZA,16.339700,-92.564800,
CSSSA007861,105,106,SSA,GUADALUPE VICTORIA,16.404700,-92.552400,
CSSSA007890,105,106,SSA,SAN FRANCISCO PUJILTIC,16.279100,-92.452600,
CSSSA007902,105,106,SSA,LAJA TENDIDA,16.311700,-92.548500,
CSSSA007914,105,106,SSA,PARAÍSO DEL GRIJALVA,16.223600,-92.642800,
CSSSA007931,106,107,SSA,VILLACORZO,16.186300,-93.271200,
CSSSA007943,106,107,SSA,SN. PEDRO BUENAVISTA,16.141100,-93.169300,
CSSSA007960,121,122,SSA,EL PARRAL,16.365800,-93.008900,
CSSSA008124,107,108,SSA,VILLAFLORES,16.232300,-93.267000,
CSSSA008136,107,108,SSA,CALZADA LARGA,16.347800,-93.313900,
CSSSA008141,107,108,SSA,CRISTÓBAL OBREGÓN,16.429600,-93.448600,
CSSSA008153,107,108,SSA,DR. DOMINGO CHANONA,16.345300,-93.416300,
CSSSA008165,107,108,SSA,JESÚS MA. GARZA,16.394400,-93.292500,
CSSSA008206,107,108,SSA,ROBLADA GRANDE,16.487000,-93.193500,
CSSSA008211,107,108,SSA,TIERRA Y LIBERTAD,16.235900,-93.702100,
CSSSA008276,108,109,SSA,YAJALÓN,17.170500,-92.335400,
CSSSA008375,110,111,SSA,CHIQUINIVALVO,16.707400,-92.850900,
CSSSA008380,110,111,SSA,NACHING,16.731900,-92.723400,
CSSSA008392,110,111,SSA,NAVENCHAUC,16.735300,-92.780800,
CSSSA008433,111,112,SSA,CHILOLJÁ,16.883600,-92.424000,
CSSSA008445,111,112,SSA,CHACTÉ,16.934700,-92.349900,
CSSSA008450,111,112,SSA,ONILTIC,16.971100,-92.436000,
CSSSA008503,113,114,SSA,NUEVO VERACRUZ,16.085000,-90.717100,
CSSSA008515,113,114,SSA,QUETZALCÓALT,16.190900,-90.485400,
CSSSA008532,52,052,SSA,SANTA MARGARITA AGUA AZUL,0.000000,0.000000,
CSSSA008590,115,116,SSA,BOCA DE CHAJUL,16.117400,-90.923700,
CSSSA008614,115,116,SSA,QUIRINGUICHARO,16.423300,-90.713800,
CSSSA008631,116,117,SSA,LAGUNA DEL COFRE,15.626600,-92.640800,
CSSSA008655,116,117,SSA,SAN NICOLÁS PLAN DE AYUTLA,15.717800,-92.606400,
CSSSA008672,27,027,SSA,PEDREGAL SAN ÁNGEL,16.743000,-93.045000,
CSSSA008696,46,046,SSA,EMILIANO ZAPATA,16.665400,-93.651000,
CSSSA008701,23,023,SSA,BASHEQUÉM,16.883500,-92.607900,
CSSSA008713,64,064,SSA,CHAONIL,16.801700,-92.276400,
CSSSA008725,64,064,SSA,LELENCHIG,16.842500,-92.431300,
CSSSA008824,77,077,SSA,TIEMOPA,17.424400,-92.197000,
CSSSA008870,59,059,SSA,SAN QUINTÍN,16.404000,-91.350400,
CSSSA008882,89,089,SSA,HOSPITAL REGIONAL DE ALTA ESPECIALIDAD CIUDAD SALUD,14.809311,-92.345595,
CSSSA008894,100,101,SSA,HOSPITAL DE ESPECIALIDADES PEDIÁTRICAS,16.751020,-93.078108,
CSSSA009051,93,093,SSA,TS'AKIBILJOK,16.828300,-92.433700,
CSSSA009063,23,023,SSA,CALLEJÓN,16.868300,-92.709700,
CSSSA009080,27,027,SSA,NUEVA PALESTINA,16.663300,-92.973900,
CSSSA009092,27,027,SSA,FRANCISCO SARABIA,16.555500,-93.005300,
CSSSA009104,46,046,SSA,UNIÓN AGRARISTA,16.448300,-93.648000,
CSSSA009121,28,028,SSA,CHIAPILLA,16.568300,-92.721500,
CSSSA009145,61,061,SSA,IGNACIO ZARAGOZA,16.571000,-93.318900,
CSSSA009150,46,046,SSA,VICENTE GUERRERO,16.631400,-93.549700,
CSSSA009162,100,101,SSA,UNIDAD DE ATENCIÓN A LA SALUD MENTAL SAN AGUSTÍN,16.682003,-93.103124,
CSSSA009174,96,097,SSA,CENTRO DE SALUD URBANO DE TONALÁ,16.091911,-93.769032,
CSSSA009186,74,074,SSA,HOSPITAL GENERAL DE REFORMA,17.853476,-93.157180,
CSSSA009191,17,017,SSA,CENTRO DE SALUD CINTALAPA,16.674871,-93.737113,
CSSSA009203,12,012,SSA,"HOSPITAL BÁSICO COMUNITARIO 12 CAMAS ""BERRIOZABAL""",16.807813,-93.279999,
CSSSA009215,100,101,SSA,CENTRO DE SALUD TUXTLA GUTIERREZ|  CHIAPAS,16.746977,-93.072583,
CSSSA009220,8,008,SSA,CENTRO DE SALUD JALTENANGO DE LA PAZ,15.872922,-92.717772,
CSSSA009232,108,109,SSA,"HOSPITAL GENERAL YAJALÓN ""DR. JOSE MANUEL VELASCO SILES""",17.178397,-92.338070,
CSSSA009244,89,089,SSA,HOSPITAL GENERAL TAPACHULA,14.842527,-92.318996,
CSSSA009256,81,081,SSA,HOSPITAL BASICO COMUNITARIO SIMOJOVEL,17.134392,-92.719602,
CSSSA009261,75,075,SSA,HOSPITAL BÁSICO COMUNITARIO LAS ROSAS,16.365531,-92.377345,
CSSSA009273,27,027,SSA,HOSPITAL BASICO COMUNITARIO DE CHIAPA DE CORZO,16.720225,-93.012051,
CSSSA009285,81,081,SSA,CENTRO DE SALUD LA PIMIENTA,17.140879,-92.761910,
CSSSA009290,58,058,SSA,CENTRO DE SALUD CON SERVICIOS AMPLIADOS DR MANUEL VELASCO SUAREZ| NICOLAS RUIZ|  CHIAPAS,16.433947,-92.584672,
CSSSA009302,76,076,SSA,SABANILLA,17.285980,-92.553901,
CSSSA009314,99,100,SSA,CENTRO DE SALUD CON SERVICIOS AMPLIADOS DR. MANUEL VELASCO SUAREZ|  TUMBALA|  CHIAPAS,17.281893,-92.316772,
CSSSA009326,47,047,SSA,CENTRO DE SALUD CON SERVICIOS AMPLIADOS JITOTOL|  CHIAPAS,17.070067,-92.865887,
CSSSA009331,15,015,SSA,CENTRO DE SALUD CON SERVICIOS AMPLIADOS CACAHOATAN “DR MANUEL VELASCO SUAREZ”,14.998848,-92.160528,
CSSSA009343,30,030,SSA,CENTRO DE SALUD CON SERVICIOS AMPLIADOS CHICOMUSELO,15.743844,-92.283468,
CSSSA009355,39,039,SSA,CESSA HUITIUPAN,17.174464,-92.680672,
CSSSA009360,60,060,SSA,"CENTRO DE SALUD CON SERVICIOS AMPLIADOS OCOTEPEC ""DR MANUEL VELASCO SUAREZ""",17.215259,-93.145047,
CSSSA009372,77,077,SSA,SANTA MARIA,17.351825,-92.070550,
CSSSA009384,25,025,SSA,CESSA DR. MANUEL VELASCO SUAREZ,17.342092,-93.128936,
CSSSA009396,38,038,SSA,CENTRO DE SALUD CON SERVICIOS AMPLIADOS DR MANUEL VELASCO SUAREZ,16.711919,-92.456116,
CSSSA009401,69,069,SSA,CENTRO DE SALUD CON SERVICIOS AMPLIADO JOAQUIN MIGUEZ GUTIERREZ,15.546364,-93.090553,
CSSSA009413,66,066,SSA,CENTRO DE SALUD CON SERVICIOS AMPLIADOS PANTELHO  DR MANUEL VELASCO SUAREZ,17.008665,-92.480261,
CSSSA009425,96,097,SSA,CENTRO DE SALUD RURAL PAREDON,16.050817,-93.867778,
CSSSA009430,23,023,SSA,CENTRO DE SALUD CRUZTÓN,16.759241,-92.576092,
CSSSA009466,68,068,SSA,CLINICA DE ATENCION RESPIRATORIA COVID-19 PICHUCALCO,17.517933,-93.120530,
CSSSA009471,100,101,SSA,CLINICA DE ATENCION RESPIRATORIA COVID-19 TUXTLA,16.751402,-93.080869,
CSSSA009483,78,078,SSA,CLINICA DE ATENCION RESPIRATORIA COVID-19 SAN CRISTOBAL DE LAS CASAS,16.710770,-92.629586,
CSSSA009495,74,074,SSA,CLINICA DE ATENCION RESPIRATORIA COVID-19 REFORMA,17.853727,-93.157391,
CSSSA009500,107,108,SSA,CLINICA DE ATENCION RESPIRATORIA COVID-19 VILLAFLORES,16.258598,-93.266146,
CSSSA009512,96,097,SSA,CLINICA DE ATENCION RESPIRATORIA COVID-19 TONALA,16.091471,-93.769598,
CSSSA009536,112,113,SSA,CENTRO DE SALUD SAN PEDRO COTZILNAM,16.937856,-92.703182,
CSSSA009541,5,005,SSA,HOSPITAL BÁSICO COMUNITARIO DE AMATÁN,17.377960,-92.811238,
CSSSA009565,26,026,SSA,CENTRO DE SALUD LAS LIMAS,16.948023,-92.595265,
CSSSA009635,100,101,SSA,CLÍNICA PARA LA ATENCIÓN DE PARTO HUMANIZADO,16.750999,-93.079226,
CSSSA009640,40,040,SSA,CLINICA DE LA MUJER Y PARTO HUMANIZADO,15.148190,-92.476240,
CSSSA009652,78,078,SSA,C.S. NAPITE,16.556723,-92.368708,
CSSSA012694,46,046,SSA,CENTRO DE SALUD MICROREGIONAL CRISTOBAL COLON,0.000000,0.000000,
CSSSA012703,18,018,SSA,COAPILLA,0.000000,0.000000,
CSSSA012712,97,098,SSA,CENTRO DE SALUD MICROREGIONAL PONCIANO ARRIAGA,0.000000,0.000000,
CSSSA012970,6,006,SSA,CENTRO DE SALUD POTRERILLO,15.630281,-92.018419,
CSSSA012985,57,057,SSA,CENTRO DE SALUD VILLA HERMOSA,0.000000,0.000000,
CSSSA012994,78,078,SSA,CENTRO DE SALUD SAN CRISTOBAL DE LAS CASAS,16.752700,-92.656100,
CSSSA013105,96,097,SSA,CENTRO DE SALUD RURAL RANCHERIA EL CONGRESO,16.050698,-93.790625,
CSSSA017171,87,087,SSA,MIGUEL ALEMÁN,14.558858,-92.217144,
CSSSA017504,70,070,SSA,H. B. C. DEL PORVENIR,15.453841,-92.276784,
CSSSA017516,106,107,SSA,H. B. C. DE REVOLUCIÓN MEXICANA,16.166713,-93.079977,
CSSSA017521,91,091,SSA,H. B. C.  DE TAPILULA,17.255878,-93.017017,
CSSSA017574,74,074,SSA,SAN MIGUEL 1A. SECCIÓN,17.936400,-93.169400,
CSSSA017586,81,081,SSA,LA CEIBA,17.133100,-92.517800,
CSSSA017591,74,074,SSA,RAFAEL PASCACIO GAMBOA,17.916500,-93.269700,
CSSSA017620,96,097,SSA,EL MANGUITO,15.732800,-93.497900,
CSSSA017690,85,085,SSA,SOYALÓ,16.861800,-92.893400,
CSSSA017702,52,052,SSA,NUEVO HUIXTÁN,16.124100,-91.387800,
CSSSA017726,49,049,SSA,H. B. C. DE LARRAINZAR,16.879072,-92.714879,
CSSSA017731,59,059,SSA,H. B. C. DE SANTO DOMINGO,17.023200,-91.419500,
CSSSA017743,22,022,SSA,CENTRO DE SALUD MICROREGIONAL BALUNACO,17.007800,-92.570300,
CSSSA017755,24,024,SSA,NATILTÓN,16.524000,-92.205700,
CSSSA017760,26,026,SSA,MAJUMPEPEN,16.975800,-92.543000,
CSSSA017772,26,026,SSA,TZAJALCHÉN,17.040300,-92.518000,
CSSSA017784,111,112,SSA,SAN JUAN CANCUC,0.000000,0.000000,
CSSSA017801,110,111,SSA,ZINACANTÁN,16.759700,-92.722200,
CSSSA017900,45,045,SSA,CENTRO DE SALUD MUNICIPAL IXTAPANGAJOYA,17.495800,-93.002200,
CSSSA017912,84,084,SSA,CENTRO DE SALUD MUNICIPAL SOLOSUCHIAPA,17.430300,-93.033100,
CSSSA017924,82,082,SSA,SITALÁ,17.024200,-92.307800,
CSSSA017936,20,020,SSA,NUEVO PARAÍSO,15.870000,-92.949200,
CSSSA017970,3,003,SSA,LAS LAURAS,15.180950,-92.749554,
CSSSA018006,54,054,SSA,MAZATÁN,14.872368,-92.452730,
CSSSA018040,89,089,SSA,NUEVO MILENIO,14.891731,-92.300440,
CSSSA018093,62,062,SSA,CENTRO DE SALUD NUEVO JUAN DEL GRIJALVA,17.427200,-93.372200,
CSSSA018414,52,052,SSA,LAS MARGARITAS,16.318100,-91.983500,
CSSSA018426,52,052,SSA,VERACRUZ,16.404200,-91.999400,
CSSSA018431,109,110,SSA,CESSA SAN LUCAS,16.614100,-92.718000,
CSSSA018443,4,004,SSA,CENTRO DE SALUD MICROREGIONAL BELISARIO DOMÍNGUEZ,16.644500,-91.741900,
CSSSA018460,59,059,SSA,CENTRO DE SALUD MICROREGIONAL YAXALA,16.897600,-91.705300,
CSSSA018472,59,059,SSA,CENTRO DE SALUD RURAL  SAN MARTÍIN,16.979400,-91.681900,
CSSSA018484,59,059,SSA,CENTRO DE SALUD MICROREGIONAL LA REFORMA,0.000000,0.000000,
CSSSA018496,59,059,SSA,CENTRO DE SALUD MICROREGIONAL LOS QUINICHEZ,16.889600,-91.970200,
CSSSA018501,31,031,SSA,CENTRO DE SALUD MICROREGIONAL EL CARMEN,17.013500,-92.038200,
CSSSA018513,31,031,SSA,CENTRO DE SALUD MICROREGIONAL PATELNÁ,17.202200,-92.157200,
CSSSA018525,31,031,SSA,CENTRO DE SALUD MICROREGIONAL BOLONTÓN,17.179400,-92.130800,
CSSSA018530,31,031,SSA,CENTRO DE SALUD MICROREGIONAL CRUCERO CHICH,17.161400,-92.122500,
CSSSA018542,31,031,SSA,CENTRO DE SALUD MICROREGIONAL EL MANGO,17.162500,-92.060300,
CSSSA018554,31,031,SSA,CENTRO DE SALUD MICROREGIONAL GOLOLTÓN,17.030300,-92.225000,
CSSSA018566,31,031,SSA,CENTRO DE SALUD MICROREGIONAL YULUBMAX,17.054700,-92.232200,
CSSSA018571,31,031,SSA,CENTRO DE SALUD MICROREGIONAL SAN GABRIEL,17.050300,-91.983600,
CSSSA018583,57,057,SSA,BELISARIO DOMÍNGUEZ,15.301000,-92.376600,
CSSSA018641,9,009,SSA,VILLA DEL MAR,16.130400,-93.958200,
CSSSA018653,69,069,SSA,CACHIMBO,15.677200,-93.243600,
CSSSA018665,69,069,SSA,PUENTE MARGARITA,15.590000,-93.060000,
CSSSA018670,96,097,SSA,LA LAGUNA,16.002200,-93.806400,
CSSSA018682,96,097,SSA,LA POLKA,15.956800,-93.665200,
CSSSA018723,89,089,SSA,LAS PALMERAS,14.867381,-92.275266,
CSSSA018740,69,069,SSA,H. B. C.  DR. RAFAEL ALFARO GONZÁLEZ PIJIJIAPAN,15.671412,-93.211771,
CSSSA018752,94,094,SSA,H. B. C. DE TEOPISCA,16.554808,-92.475661,
CSSSA018764,78,078,SSA,HOSPITAL DE LAS CULTURAS SAN CRISTOBAL DE LAS CASAS,16.723703,-92.652269,
CSSSA018776,19,019,SSA,HOSPITAL DE LA MUJER COMITÁN,16.207545,-92.106986,
CSSSA018781,34,034,SSA,H. B. C. DE FRONTERA COMALAPA,15.656351,-92.143103,
CSSSA018793,22,022,SSA,H. B. C. DE CHALCHIHUITÁN,16.957888,-92.619908,
CSSSA018834,31,031,SSA,CENTRO DE SALUD MICROREGIONAL CHABAN,17.214500,-92.122500,
CSSSA018846,31,031,SSA,CENTRO DE SALUD MICROREGIONAL MUQUENAL,17.136600,-92.130700,
CSSSA018851,31,031,SSA,CENTRO DE SALUD MICROREGIONAL CARMEN XAQUILA,17.071500,-92.287200,
CSSSA018863,31,031,SSA,CENTRO DE SALUD MICROREGIONAL EL EDEN,16.979100,-92.252300,
CSSSA018875,107,108,SSA,HOSPITAL GENERAL BICENTENARIO VILLAFLORES,16.258402,-93.265141,
CSSSA018880,74,074,SSA,CENTRO DE SALUD RURAL MACAYO 3A. SECCIÓN,17.957000,-93.274300,
CSSSA018892,67,067,SSA,CENTRO DE SALUD RURAL LAGUNA GRANDE,17.249800,-93.066700,
CSSSA018904,39,039,SSA,CENTRO DE SALUD RURAL VILLA LUZ,17.280700,-92.719100,
CSSSA018916,114,115,SSA,CENTRO DE SALUD RURAL NUEVA SABANILLA,16.262600,-91.222700,
CSSSA018921,66,066,SSA,LAS LIMAS,17.110600,-92.486700,
CSSSA018933,23,023,SSA,MACVILHO,16.857300,-92.694100,
CSSSA018945,112,113,SSA,ICO,16.916900,-92.712200,
CSSSA018950,23,023,SSA,CHILIMJOVELTIC,16.788200,-92.585600,
CSSSA018962,103,104,SSA,TZIMOL,16.184000,-92.188200,
CSSSA019131,60,060,SSA,CENTRO DE SALUD MICROREGIONAL CERRO JAQUIMA,17.237500,-93.138600,
CSSSA019143,33,033,SSA,CENTRO DE SALUD MICROREGIONAL SAN MIGUEL LA SARDINA,17.294600,-93.352800,
CSSSA019155,60,060,SSA,CENTRO DE SALUD MICROREGIONAL SAN JOSÉ PLAN OCOTAL,17.204100,-93.182500,
CSSSA019184,26,026,SSA,CENTRO DE SALUD MICROREGIONAL LA LIBERTAD,16.905200,-92.566000,
CSSSA019196,64,064,SSA,CENTRO DE SALUD MICROREGIONAL PASHTONTICJA,16.771600,-92.280200,
CSSSA019201,23,023,SSA,CENTRO DE SALUD MICROREGIONAL YUT BASH UNO,16.809700,-92.635300,
CSSSA019213,26,026,SSA,CENTRO DE SALUD MICROREGIONAL CHIMTIC,16.923700,-92.601700,
CSSSA019225,26,026,SSA,CENTRO DE SALUD MICROREGIONAL CHIXILTÓN,16.921900,-92.617100,
CSSSA019230,6,006,SSA,CENTRO DE SALUD MICROREGIONAL NUEVA MORELIA,15.618100,-92.146100,
CSSSA019242,62,062,SSA,H. B. C. DE OSTUACÁN,17.407516,-93.335205,
CSSSA019254,111,112,SSA,CENTRO DE SALUD MICROREGIONAL YASHNAIL,16.861700,-92.393100,
CSSSA019266,111,112,SSA,CENTRO DE SALUD MICROREGIONAL BAPUZ,16.942000,-92.382400,
CSSSA019271,111,112,SSA,CENTRO DE SALUD MICROREGIONAL TZULUWITZ,16.887600,-92.402400,
CSSSA019283,111,112,SSA,CENTRO DE SALUD MICROREGIONAL CHILOLJA,16.885300,-92.425500,
CSSSA019300,38,038,SSA,CENTRO DE SALUD MICROREGIONAL SAN ANDRES PUERTO RICO,16.698900,-92.402700,
CSSSA019312,38,038,SSA,CENTRO DE SALUD MICROREGIONAL SANTA ROSA,16.691500,-92.315700,
CSSSA019324,26,026,SSA,CENTRO DE SALUD MICROREGIONAL YIBELJOJ,16.958000,-92.504200,
CSSSA019336,93,093,SSA,CENTRO DE SALUD MICROREGIONAL CAÑADA GRANDE,16.817500,-92.523200,
CSSSA019341,26,026,SSA,CENTRO DE SALUD MICROREGIONAL MAJOMUT,16.972300,-92.523600,
CSSSA019353,24,024,SSA,CENTRO DE SALUD SIBERIA,16.617600,-92.292600,
CSSSA019365,64,064,SSA,CENTRO DE SALUD MICROREGIONAL CHULNA,16.785100,-92.179800,
CSSSA019370,64,064,SSA,CENTRO DE SALUD MICROREGIONAL TZOPILJA,16.741000,-92.308400,
CSSSA019382,23,023,SSA,CENTRO DE SALUD MICROREGIONAL TZAJALCHÉN,16.839400,-92.644900,
CSSSA019394,23,023,SSA,CENTRO DE SALUD MICROREGIONAL CATISHTIC,16.780900,-92.734200,
CSSSA019406,23,023,SSA,CENTRO DE SALUD MICROREGIONAL JOLBON,16.826300,-92.631500,
CSSSA019411,23,023,SSA,CENTRO DE SALUD MICROREGIONAL LAS MINAS,16.814500,-92.666200,
CSSSA019423,23,023,SSA,CENTRO DE SALUD MICROREGIONAL PAJALTÓN ALTO,16.828900,-92.571900,
CSSSA019435,110,111,SSA,CENTRO DE SALUD MICROREGIONAL PINAR SALINAS,16.765200,-92.759100,
CSSSA019440,66,066,SSA,CENTRO DE SALUD MICROREGIONAL SAN JOAQUIN,17.023000,-92.440500,
CSSSA019452,64,064,SSA,CENTRO DE SALUD MICROREGIONAL TOLBILJA,16.842100,-92.290500,
CSSSA019464,26,026,SSA,CENTRO DE SALUD MICROREGIONAL  ZANEMBOLOM,17.049200,-92.507500,
CSSSA019476,64,064,SSA,HOSPITAL BÁSICO COMUNITARIO DE OXCHUC,16.790454,-92.343531,
CSSSA019481,23,023,SSA,H. B. C. DE SAN JUAN CHAMULA,16.782468,-92.696190,
CSSSA019493,118,119,SSA,SANTIAGO EL PINAR,16.939600,-92.714500,
CSSSA019510,65,065,SSA,CLINICA DE ATENCION RESPIRATORIA COVID-19 PALENQUE,17.507543,-91.987503,
CSSSA019522,112,113,SSA,ALDAMA,16.918900,-92.687100,
CSSSA019534,100,101,SSA,CLINICA DE ATENCION RESPIRATORIA COVID-19 UNEME PASCASIO,16.745103,-93.116798,
CSSSA019563,45,045,SSA,CENTRO DE SALUD MICROREGIONAL LLANOS DE MORELOS 2A. SECCIÓN,17.476500,-92.954900,
CSSSA019575,84,084,SSA,CENTRO DE SALUD MICROREGIONAL NUEVO SAN ANTONIO,17.403900,-92.998100,
CSSSA019580,62,062,SSA,CENTRO DE SALUD MICROREGIONAL PEÑITAS EL MICO,17.451800,-93.412900,
CSSSA019592,117,118,SSA,CENTRO DE SALUD MICROREGIONAL RIVERA GALEANA,17.121600,-92.765100,
CSSSA019604,5,005,SSA,CENTRO DE SALUD MICROREGIONAL SAN LORENZO,17.377400,-92.919700,
CSSSA019616,5,005,SSA,CENTRO DE SALUD FRANCISCO I. MADERO,17.440841,-92.915815,
CSSSA019621,5,005,SSA,CENTRO DE SALUD LA ESPERANZA,17.313986,-92.801948,
CSSSA019633,33,033,SSA,CENTRO DE SALUD MICROREGIONAL RIVERA EL VIEJO CARMEN,17.287200,-93.277900,
CSSSA019645,59,059,SSA,H. B. C. DE OCOSINGO,16.896883,-92.063021,
CSSSA019650,59,059,SSA,CENTRO DE SALUD MICROREGIONAL TOMAS MUNZER,16.788833,-92.150109,
CSSSA019674,31,031,SSA,CENTRO DE SALUD CON SERVICIOS AMPLIADOS DR. MANUEL VELASCO SUAREZ|  CHILÓN,17.103185,-92.267281,
CSSSA019686,114,115,SSA,CENTRO DE SALUD MICROREGIONAL SANTO DOMINGO LAS PALMAS,16.135000,-91.323600,
CSSSA019691,31,031,SSA,CENTRO DE SALUD MICROREGIONAL TACUBA NUEVA,17.092300,-92.371800,
CSSSA019703,31,031,SSA,CENTRO DE SALUD MICROREGIONAL JOL HIC´BATIL,17.134300,-92.011100,
CSSSA019715,31,031,SSA,CENTRO DE SALUD MICROREGIONAL CACATEEL,17.062400,-92.013500,
CSSSA019720,31,031,SSA,CENTRO DE SALUD MICROREGIONAL SULUPHUITZ,17.197200,-92.214100,
CSSSA019732,31,031,SSA,CENTRO DE SALUD MICROREGIONAL TZASIBILTIC,17.147600,-92.289500,
CSSSA019744,31,031,SSA,CENTRO DE SALUD MICROREGIONAL FILADELFIA,17.124800,-92.267300,
CSSSA019756,31,031,SSA,CENTRO DE SALUD MICROREGIONAL XAXAJATIC,17.150500,-92.157500,
CSSSA019761,31,031,SSA,CENTRO DE SALUD MICROREGIONAL SAN ANTONIO LAS PALOMAS,17.096500,-92.230900,
CSSSA019773,31,031,SSA,CENTRO DE SALUD MICROREGIONAL CAMPO BOLONTINÁ,17.121100,-92.086900,
CSSSA019785,31,031,SSA,CENTRO DE SALUD MICROREGIONAL MAPIL,17.044100,-91.869400,
CSSSA019790,31,031,SSA,CENTRO DE SALUD MICROREGIONAL RAMOSIL (TZAJALNABIL),17.115800,-92.060300,
CSSSA019814,82,082,SSA,CENTRO DE SALUD MICROREGIONAL SANTA ISABEL,17.024600,-92.366700,
CSSSA019826,82,082,SSA,CENTRO DE SALUD MICROREGIONAL LA UNIÓN,17.013300,-92.366700,
CSSSA019831,77,077,SSA,CENTRO DE SALUD MICROREGIONAL ARROYO AGUA AZUL (MIRAFLORES),17.386800,-92.319400,
CSSSA019843,77,077,SSA,CENTRO DE SALUD MICROREGIONAL CHUCHUCLUMIL,17.394300,-92.278500,
CSSSA019855,77,077,SSA,CENTRO DE SALUD MICROREGIONAL EL PROGRESO,17.411200,-92.374000,
CSSSA019860,77,077,SSA,CENTRO DE SALUD MICROREGIONAL TIENTIUL GRANDE 2A. SECCIÓN (AGUA POTABLE),17.386500,-92.252200,
CSSSA019872,99,100,SSA,CENTRO DE SALUD MICROREGIONAL CUCTIEPA,17.308300,-92.176800,
CSSSA019884,99,100,SSA,CENTRO DE SALUD MICROREGIONAL ARROYO AGUA AZUL,17.255700,-92.133600,
CSSSA019896,115,116,SSA,CENTRO DE SALUD MICROREGIONAL AMÉRICA LIBRE,16.219600,-90.739700,
CSSSA019901,115,116,SSA,CENTRO DE SALUD MICROREGIONAL  LIC. ADOLFO LÓPEZ MATEOS,16.218400,-90.843800,
CSSSA019913,115,116,SSA,CENTRO DE SALUD MICROREGIONAL EMILIANO ZAPATA,16.292100,-90.623000,
CSSSA019925,59,059,SSA,CENTRO DE SALUD MICROREGIONAL EL IXCÁN,16.088700,-91.095000,
CSSSA019930,12,012,SSA,CENTRO DE SALUD MICROREGIONAL LAS MARAVILLAS,16.958800,-93.320100,
CSSSA019942,64,064,SSA,CENTRO DE SALUD MICROREGIONAL  EL RETIRO,16.796700,-92.362100,
CSSSA019954,100,101,SSA,HOSPITAL CHIAPAS NOS UNE DR. JESUS GILBERTO GOMEZ MAZA,16.748460,-93.072800,
CSSSA019966,112,113,SSA,CENTRO DE SALUD MICROREGIONAL REVOLUCIÓN FIU,16.898900,-92.678200,
CSSSA019971,22,022,SSA,CENTRO DE SALUD MICROREGIONAL TZUNUNIL,17.056000,-92.601800,
CSSSA019983,115,116,SSA,ZAMORA PICO DE ORO,16.335000,-90.764200,
CSSSA020041,67,067,SSA,CENTRO DE SALUD MICROREGIONAL PANTEPEC,0.000000,0.000000,
CSSSA020065,95,096,SSA,CENTRO DE SALUD MICROREGIONAL JOLJÁ,0.000000,0.000000,
CSSSA020070,114,115,SSA,CENTRO DE SALUD MARAVILLA TENEJAPA,16.147107,-91.294892,
CSSSA020082,26,026,SSA,CENTRO DE SALUD MICROREGIONAL YIBELJOJ,0.000000,0.000000,
CSSSA020094,111,112,SSA,CENTRO DE SALUD MICROREGIONAL CRUSILJÁ,0.000000,0.000000,
CSSSA020106,39,039,SSA,CENTRO DE SALUD MICROREGIONAL RAMOS CUBILETE,0.000000,0.000000,
CSSSA020111,67,067,SSA,CENTRO DE SALUD MICROREGIONAL SAN ISIDRO LAS BANDERAS,0.000000,0.000000,
CSSSA020123,26,026,SSA,CENTRO DE SALUD MICROREGIONAL JOLXIC,0.000000,0.000000,
CSSSA020152,74,074,SSA,CENTRO DE SALUD MIGUEL ALDAMA,0.000000,0.000000,
CSSSA020181,41,041,SSA,CENTRO DE SALUD CON SERVICIOS AMPLIADOS LA INDEPENDENCIA,16.250093,-92.028327,
CSSSA020193,42,042,SSA,IXHUATÁN,0.000000,0.000000,
CSSSA020205,49,049,SSA,CENTRO DE SALUD MICROREGIONAL MUCTAHUITZ,0.000000,0.000000,
